date,ticker,event_date,tau,price
2026-09-21,AMZN,2026-09-24,-3,258.45001220703125
2026-09-21,AMZN,2026-09-24,-3,258.45001220703125
2026-09-21,AMZN,2026-09-24,-3,258.45001220703125
2026-09-21,AMZN,2026-09-24,-3,258.45001220703125
2026-09-21,AMZN,2026-09-24,-3,258.45001220703125
2026-09-21,AMZN,2026-09-24,-3,258.45001220703125
2026-09-21,AMZN,2026-09-24,-3,258.45001220703125
2026-09-21,AMZN,2026-09-24,-3,258.45001220703125
2026-09-21,AMZN,2026-09-24,-3,258.45001220703125
2026-09-21,AMZN,2026-09-24,-3,258.45001220703125
2026-09-21,AMZN,2026-09-24,-3,258.45001220703125
2026-09-21,AMZN,2026-09-24,-3,258.45001220703125
2026-09-22,AMZN,2026-09-24,-2,254.97999572753903
2026-09-22,AMZN,2026-09-24,-2,254.97999572753903
2026-09-22,AMZN,2026-09-24,-2,254.97999572753903
2026-09-22,AMZN,2026-09-24,-2,254.97999572753903
2026-09-22,AMZN,2026-09-24,-2,254.97999572753903
2026-09-22,AMZN,2026-09-24,-2,254.97999572753903
2026-09-22,AMZN,2026-09-24,-2,254.97999572753903
2026-09-22,AMZN,2026-09-24,-2,254.97999572753903
2026-09-22,AMZN,2026-09-24,-2,254.97999572753903
2026-09-22,AMZN,2026-09-24,-2,254.97999572753903
2026-09-22,AMZN,2026-09-24,-2,254.97999572753903
2026-09-22,AMZN,2026-09-24,-2,254.97999572753903
2026-09-23,AMZN,2026-09-24,-1,249.2700042724609
2026-09-23,AMZN,2026-09-24,-1,249.2700042724609
2026-09-23,AMZN,2026-09-24,-1,249.2700042724609
2026-09-23,AMZN,2026-09-24,-1,249.2700042724609
2026-09-23,AMZN,2026-09-24,-1,249.2700042724609
2026-09-23,AMZN,2026-09-24,-1,249.2700042724609
2026-09-23,AMZN,2026-09-24,-1,249.2700042724609
2026-09-23,AMZN,2026-09-24,-1,249.2700042724609
2026-09-23,AMZN,2026-09-24,-1,249.2700042724609
2026-09-23,AMZN,2026-09-24,-1,249.2700042724609
2026-09-23,AMZN,2026-09-24,-1,249.2700042724609
2026-09-23,AMZN,2026-09-24,-1,249.2700042724609
2026-09-24,AMZN,2026-09-24,0,249.3800048828125
2026-09-24,AMZN,2026-09-24,0,249.3800048828125
2026-09-24,AMZN,2026-09-24,0,249.3800048828125
2026-09-24,AMZN,2026-09-24,0,249.3800048828125
2026-09-24,AMZN,2026-09-24,0,249.3800048828125
2026-09-24,AMZN,2026-09-24,0,249.3800048828125
2026-09-24,AMZN,2026-09-24,0,249.3800048828125
2026-09-24,AMZN,2026-09-24,0,249.3800048828125
2026-09-24,AMZN,2026-09-24,0,249.3800048828125
2026-09-24,AMZN,2026-09-24,0,249.3800048828125
2026-09-24,AMZN,2026-09-24,0,249.3800048828125
2026-09-24,AMZN,2026-09-24,0,249.3800048828125
2026-09-25,AMZN,2026-09-24,1,249.6699981689453
2026-09-25,AMZN,2026-09-24,1,249.6699981689453
2026-09-25,AMZN,2026-09-24,1,249.6699981689453
2026-09-25,AMZN,2026-09-24,1,249.6699981689453
2026-09-25,AMZN,2026-09-24,1,249.6699981689453
2026-09-25,AMZN,2026-09-24,1,249.6699981689453
2026-09-25,AMZN,2026-09-24,1,249.6699981689453
2026-09-25,AMZN,2026-09-24,1,249.6699981689453
2026-09-25,AMZN,2026-09-24,1,249.6699981689453
2026-09-25,AMZN,2026-09-24,1,249.6699981689453
2026-09-25,AMZN,2026-09-24,1,249.6699981689453
2026-09-25,AMZN,2026-09-24,1,249.6699981689453
2026-09-28,AMZN,2026-09-24,4,246.1499938964844
2026-09-28,AMZN,2026-09-24,4,246.1499938964844
2026-09-28,AMZN,2026-09-24,4,246.1499938964844
2026-09-28,AMZN,2026-09-24,4,246.1499938964844
2026-09-28,AMZN,2026-09-24,4,246.1499938964844
2026-09-28,AMZN,2026-09-24,4,246.1499938964844
2026-09-28,AMZN,2026-09-24,4,246.1499938964844
2026-09-28,AMZN,2026-09-24,4,246.1499938964844
2026-09-28,AMZN,2026-09-24,4,246.1499938964844
2026-09-28,AMZN,2026-09-24,4,246.1499938964844
2026-09-28,AMZN,2026-09-24,4,246.1499938964844
2026-09-28,AMZN,2026-09-24,4,246.1499938964844
2026-09-29,AMZN,2026-09-24,5,246.6699981689453
2026-09-29,AMZN,2026-09-24,5,246.6699981689453
2026-09-29,AMZN,2026-09-24,5,246.6699981689453
2026-09-29,AMZN,2026-09-24,5,246.6699981689453
2026-09-29,AMZN,2026-09-24,5,246.6699981689453
2026-09-29,AMZN,2026-09-24,5,246.6699981689453
2026-09-29,AMZN,2026-09-24,5,246.6699981689453
2026-09-29,AMZN,2026-09-24,5,246.6699981689453
2026-09-29,AMZN,2026-09-24,5,246.6699981689453
2026-09-29,AMZN,2026-09-24,5,246.6699981689453
2026-09-29,AMZN,2026-09-24,5,246.6699981689453
2026-09-29,AMZN,2026-09-24,5,246.6699981689453
2026-09-21,AMZN,2026-09-25,-4,258.45001220703125
2026-09-21,AMZN,2026-09-25,-4,258.45001220703125
2026-09-21,AMZN,2026-09-25,-4,258.45001220703125
2026-09-21,AMZN,2026-09-25,-4,258.45001220703125
2026-09-21,AMZN,2026-09-25,-4,258.45001220703125
2026-09-21,AMZN,2026-09-25,-4,258.45001220703125
2026-09-21,AMZN,2026-09-25,-4,258.45001220703125
2026-09-21,AMZN,2026-09-25,-4,258.45001220703125
2026-09-21,AMZN,2026-09-25,-4,258.45001220703125
2026-09-21,AMZN,2026-09-25,-4,258.45001220703125
2026-09-21,AMZN,2026-09-25,-4,258.45001220703125
2026-09-21,AMZN,2026-09-25,-4,258.45001220703125
2026-09-21,AMZN,2026-09-25,-4,258.45001220703125
2026-09-21,AMZN,2026-09-25,-4,258.45001220703125
2026-09-21,AMZN,2026-09-25,-4,258.45001220703125
2026-09-21,AMZN,2026-09-25,-4,258.45001220703125
2026-09-21,AMZN,2026-09-25,-4,258.45001220703125
2026-09-21,AMZN,2026-09-25,-4,258.45001220703125
2026-09-21,AMZN,2026-09-25,-4,258.45001220703125
2026-09-21,AMZN,2026-09-25,-4,258.45001220703125
2026-09-21,AMZN,2026-09-25,-4,258.45001220703125
2026-09-21,AMZN,2026-09-25,-4,258.45001220703125
2026-09-21,AMZN,2026-09-25,-4,258.45001220703125
2026-09-21,AMZN,2026-09-25,-4,258.45001220703125
2026-09-21,AMZN,2026-09-25,-4,258.45001220703125
2026-09-21,AMZN,2026-09-25,-4,258.45001220703125
2026-09-21,AMZN,2026-09-25,-4,258.45001220703125
2026-09-21,AMZN,2026-09-25,-4,258.45001220703125
2026-09-21,AMZN,2026-09-25,-4,258.45001220703125
2026-09-21,AMZN,2026-09-25,-4,258.45001220703125
2026-09-21,AMZN,2026-09-25,-4,258.45001220703125
2026-09-22,AMZN,2026-09-25,-3,254.97999572753903
2026-09-22,AMZN,2026-09-25,-3,254.97999572753903
2026-09-22,AMZN,2026-09-25,-3,254.97999572753903
2026-09-22,AMZN,2026-09-25,-3,254.97999572753903
2026-09-22,AMZN,2026-09-25,-3,254.97999572753903
2026-09-22,AMZN,2026-09-25,-3,254.97999572753903
2026-09-22,AMZN,2026-09-25,-3,254.97999572753903
2026-09-22,AMZN,2026-09-25,-3,254.97999572753903
2026-09-22,AMZN,2026-09-25,-3,254.97999572753903
2026-09-22,AMZN,2026-09-25,-3,254.97999572753903
2026-09-22,AMZN,2026-09-25,-3,254.97999572753903
2026-09-22,AMZN,2026-09-25,-3,254.97999572753903
2026-09-22,AMZN,2026-09-25,-3,254.97999572753903
2026-09-22,AMZN,2026-09-25,-3,254.97999572753903
2026-09-22,AMZN,2026-09-25,-3,254.97999572753903
2026-09-22,AMZN,2026-09-25,-3,254.97999572753903
2026-09-22,AMZN,2026-09-25,-3,254.97999572753903
2026-09-22,AMZN,2026-09-25,-3,254.97999572753903
2026-09-22,AMZN,2026-09-25,-3,254.97999572753903
2026-09-22,AMZN,2026-09-25,-3,254.97999572753903
2026-09-22,AMZN,2026-09-25,-3,254.97999572753903
2026-09-22,AMZN,2026-09-25,-3,254.97999572753903
2026-09-22,AMZN,2026-09-25,-3,254.97999572753903
2026-09-22,AMZN,2026-09-25,-3,254.97999572753903
2026-09-22,AMZN,2026-09-25,-3,254.97999572753903
2026-09-22,AMZN,2026-09-25,-3,254.97999572753903
2026-09-22,AMZN,2026-09-25,-3,254.97999572753903
2026-09-22,AMZN,2026-09-25,-3,254.97999572753903
2026-09-22,AMZN,2026-09-25,-3,254.97999572753903
2026-09-22,AMZN,2026-09-25,-3,254.97999572753903
2026-09-22,AMZN,2026-09-25,-3,254.97999572753903
2026-09-23,AMZN,2026-09-25,-2,249.2700042724609
2026-09-23,AMZN,2026-09-25,-2,249.2700042724609
2026-09-23,AMZN,2026-09-25,-2,249.2700042724609
2026-09-23,AMZN,2026-09-25,-2,249.2700042724609
2026-09-23,AMZN,2026-09-25,-2,249.2700042724609
2026-09-23,AMZN,2026-09-25,-2,249.2700042724609
2026-09-23,AMZN,2026-09-25,-2,249.2700042724609
2026-09-23,AMZN,2026-09-25,-2,249.2700042724609
2026-09-23,AMZN,2026-09-25,-2,249.2700042724609
2026-09-23,AMZN,2026-09-25,-2,249.2700042724609
2026-09-23,AMZN,2026-09-25,-2,249.2700042724609
2026-09-23,AMZN,2026-09-25,-2,249.2700042724609
2026-09-23,AMZN,2026-09-25,-2,249.2700042724609
2026-09-23,AMZN,2026-09-25,-2,249.2700042724609
2026-09-23,AMZN,2026-09-25,-2,249.2700042724609
2026-09-23,AMZN,2026-09-25,-2,249.2700042724609
2026-09-23,AMZN,2026-09-25,-2,249.2700042724609
2026-09-23,AMZN,2026-09-25,-2,249.2700042724609
2026-09-23,AMZN,2026-09-25,-2,249.2700042724609
2026-09-23,AMZN,2026-09-25,-2,249.2700042724609
2026-09-23,AMZN,2026-09-25,-2,249.2700042724609
2026-09-23,AMZN,2026-09-25,-2,249.2700042724609
2026-09-23,AMZN,2026-09-25,-2,249.2700042724609
2026-09-23,AMZN,2026-09-25,-2,249.2700042724609
2026-09-23,AMZN,2026-09-25,-2,249.2700042724609
2026-09-23,AMZN,2026-09-25,-2,249.2700042724609
2026-09-23,AMZN,2026-09-25,-2,249.2700042724609
2026-09-23,AMZN,2026-09-25,-2,249.2700042724609
2026-09-23,AMZN,2026-09-25,-2,249.2700042724609
2026-09-23,AMZN,2026-09-25,-2,249.2700042724609
2026-09-23,AMZN,2026-09-25,-2,249.2700042724609
2026-09-24,AMZN,2026-09-25,-1,249.3800048828125
2026-09-24,AMZN,2026-09-25,-1,249.3800048828125
2026-09-24,AMZN,2026-09-25,-1,249.3800048828125
2026-09-24,AMZN,2026-09-25,-1,249.3800048828125
2026-09-24,AMZN,2026-09-25,-1,249.3800048828125
2026-09-24,AMZN,2026-09-25,-1,249.3800048828125
2026-09-24,AMZN,2026-09-25,-1,249.3800048828125
2026-09-24,AMZN,2026-09-25,-1,249.3800048828125
2026-09-24,AMZN,2026-09-25,-1,249.3800048828125
2026-09-24,AMZN,2026-09-25,-1,249.3800048828125
2026-09-24,AMZN,2026-09-25,-1,249.3800048828125
2026-09-24,AMZN,2026-09-25,-1,249.3800048828125
2026-09-24,AMZN,2026-09-25,-1,249.3800048828125
2026-09-24,AMZN,2026-09-25,-1,249.3800048828125
2026-09-24,AMZN,2026-09-25,-1,249.3800048828125
2026-09-24,AMZN,2026-09-25,-1,249.3800048828125
2026-09-24,AMZN,2026-09-25,-1,249.3800048828125
2026-09-24,AMZN,2026-09-25,-1,249.3800048828125
2026-09-24,AMZN,2026-09-25,-1,249.3800048828125
2026-09-24,AMZN,2026-09-25,-1,249.3800048828125
2026-09-24,AMZN,2026-09-25,-1,249.3800048828125
2026-09-24,AMZN,2026-09-25,-1,249.3800048828125
2026-09-24,AMZN,2026-09-25,-1,249.3800048828125
2026-09-24,AMZN,2026-09-25,-1,249.3800048828125
2026-09-24,AMZN,2026-09-25,-1,249.3800048828125
2026-09-24,AMZN,2026-09-25,-1,249.3800048828125
2026-09-24,AMZN,2026-09-25,-1,249.3800048828125
2026-09-24,AMZN,2026-09-25,-1,249.3800048828125
2026-09-24,AMZN,2026-09-25,-1,249.3800048828125
2026-09-24,AMZN,2026-09-25,-1,249.3800048828125
2026-09-24,AMZN,2026-09-25,-1,249.3800048828125
2026-09-25,AMZN,2026-09-25,0,249.6699981689453
2026-09-25,AMZN,2026-09-25,0,249.6699981689453
2026-09-25,AMZN,2026-09-25,0,249.6699981689453
2026-09-25,AMZN,2026-09-25,0,249.6699981689453
2026-09-25,AMZN,2026-09-25,0,249.6699981689453
2026-09-25,AMZN,2026-09-25,0,249.6699981689453
2026-09-25,AMZN,2026-09-25,0,249.6699981689453
2026-09-25,AMZN,2026-09-25,0,249.6699981689453
2026-09-25,AMZN,2026-09-25,0,249.6699981689453
2026-09-25,AMZN,2026-09-25,0,249.6699981689453
2026-09-25,AMZN,2026-09-25,0,249.6699981689453
2026-09-25,AMZN,2026-09-25,0,249.6699981689453
2026-09-25,AMZN,2026-09-25,0,249.6699981689453
2026-09-25,AMZN,2026-09-25,0,249.6699981689453
2026-09-25,AMZN,2026-09-25,0,249.6699981689453
2026-09-25,AMZN,2026-09-25,0,249.6699981689453
2026-09-25,AMZN,2026-09-25,0,249.6699981689453
2026-09-25,AMZN,2026-09-25,0,249.6699981689453
2026-09-25,AMZN,2026-09-25,0,249.6699981689453
2026-09-25,AMZN,2026-09-25,0,249.6699981689453
2026-09-25,AMZN,2026-09-25,0,249.6699981689453
2026-09-25,AMZN,2026-09-25,0,249.6699981689453
2026-09-25,AMZN,2026-09-25,0,249.6699981689453
2026-09-25,AMZN,2026-09-25,0,249.6699981689453
2026-09-25,AMZN,2026-09-25,0,249.6699981689453
2026-09-25,AMZN,2026-09-25,0,249.6699981689453
2026-09-25,AMZN,2026-09-25,0,249.6699981689453
2026-09-25,AMZN,2026-09-25,0,249.6699981689453
2026-09-25,AMZN,2026-09-25,0,249.6699981689453
2026-09-25,AMZN,2026-09-25,0,249.6699981689453
2026-09-25,AMZN,2026-09-25,0,249.6699981689453
2026-09-28,AMZN,2026-09-25,3,246.1499938964844
2026-09-28,AMZN,2026-09-25,3,246.1499938964844
2026-09-28,AMZN,2026-09-25,3,246.1499938964844
2026-09-28,AMZN,2026-09-25,3,246.1499938964844
2026-09-28,AMZN,2026-09-25,3,246.1499938964844
2026-09-28,AMZN,2026-09-25,3,246.1499938964844
2026-09-28,AMZN,2026-09-25,3,246.1499938964844
2026-09-28,AMZN,2026-09-25,3,246.1499938964844
2026-09-28,AMZN,2026-09-25,3,246.1499938964844
2026-09-28,AMZN,2026-09-25,3,246.1499938964844
2026-09-28,AMZN,2026-09-25,3,246.1499938964844
2026-09-28,AMZN,2026-09-25,3,246.1499938964844
2026-09-28,AMZN,2026-09-25,3,246.1499938964844
2026-09-28,AMZN,2026-09-25,3,246.1499938964844
2026-09-28,AMZN,2026-09-25,3,246.1499938964844
2026-09-28,AMZN,2026-09-25,3,246.1499938964844
2026-09-28,AMZN,2026-09-25,3,246.1499938964844
2026-09-28,AMZN,2026-09-25,3,246.1499938964844
2026-09-28,AMZN,2026-09-25,3,246.1499938964844
2026-09-28,AMZN,2026-09-25,3,246.1499938964844
2026-09-28,AMZN,2026-09-25,3,246.1499938964844
2026-09-28,AMZN,2026-09-25,3,246.1499938964844
2026-09-28,AMZN,2026-09-25,3,246.1499938964844
2026-09-28,AMZN,2026-09-25,3,246.1499938964844
2026-09-28,AMZN,2026-09-25,3,246.1499938964844
2026-09-28,AMZN,2026-09-25,3,246.1499938964844
2026-09-28,AMZN,2026-09-25,3,246.1499938964844
2026-09-28,AMZN,2026-09-25,3,246.1499938964844
2026-09-28,AMZN,2026-09-25,3,246.1499938964844
2026-09-28,AMZN,2026-09-25,3,246.1499938964844
2026-09-28,AMZN,2026-09-25,3,246.1499938964844
2026-09-29,AMZN,2026-09-25,4,246.6699981689453
2026-09-29,AMZN,2026-09-25,4,246.6699981689453
2026-09-29,AMZN,2026-09-25,4,246.6699981689453
2026-09-29,AMZN,2026-09-25,4,246.6699981689453
2026-09-29,AMZN,2026-09-25,4,246.6699981689453
2026-09-29,AMZN,2026-09-25,4,246.6699981689453
2026-09-29,AMZN,2026-09-25,4,246.6699981689453
2026-09-29,AMZN,2026-09-25,4,246.6699981689453
2026-09-29,AMZN,2026-09-25,4,246.6699981689453
2026-09-29,AMZN,2026-09-25,4,246.6699981689453
2026-09-29,AMZN,2026-09-25,4,246.6699981689453
2026-09-29,AMZN,2026-09-25,4,246.6699981689453
2026-09-29,AMZN,2026-09-25,4,246.6699981689453
2026-09-29,AMZN,2026-09-25,4,246.6699981689453
2026-09-29,AMZN,2026-09-25,4,246.6699981689453
2026-09-29,AMZN,2026-09-25,4,246.6699981689453
2026-09-29,AMZN,2026-09-25,4,246.6699981689453
2026-09-29,AMZN,2026-09-25,4,246.6699981689453
2026-09-29,AMZN,2026-09-25,4,246.6699981689453
2026-09-29,AMZN,2026-09-25,4,246.6699981689453
2026-09-29,AMZN,2026-09-25,4,246.6699981689453
2026-09-29,AMZN,2026-09-25,4,246.6699981689453
2026-09-29,AMZN,2026-09-25,4,246.6699981689453
2026-09-29,AMZN,2026-09-25,4,246.6699981689453
2026-09-29,AMZN,2026-09-25,4,246.6699981689453
2026-09-29,AMZN,2026-09-25,4,246.6699981689453
2026-09-29,AMZN,2026-09-25,4,246.6699981689453
2026-09-29,AMZN,2026-09-25,4,246.6699981689453
2026-09-29,AMZN,2026-09-25,4,246.6699981689453
2026-09-29,AMZN,2026-09-25,4,246.6699981689453
2026-09-29,AMZN,2026-09-25,4,246.6699981689453
2026-09-30,AMZN,2026-09-25,5,249.1499938964844
2026-09-30,AMZN,2026-09-25,5,249.1499938964844
2026-09-30,AMZN,2026-09-25,5,249.1499938964844
2026-09-30,AMZN,2026-09-25,5,249.1499938964844
2026-09-30,AMZN,2026-09-25,5,249.1499938964844
2026-09-30,AMZN,2026-09-25,5,249.1499938964844
2026-09-30,AMZN,2026-09-25,5,249.1499938964844
2026-09-30,AMZN,2026-09-25,5,249.1499938964844
2026-09-30,AMZN,2026-09-25,5,249.1499938964844
2026-09-30,AMZN,2026-09-25,5,249.1499938964844
2026-09-30,AMZN,2026-09-25,5,249.1499938964844
2026-09-30,AMZN,2026-09-25,5,249.1499938964844
2026-09-30,AMZN,2026-09-25,5,249.1499938964844
2026-09-30,AMZN,2026-09-25,5,249.1499938964844
2026-09-30,AMZN,2026-09-25,5,249.1499938964844
2026-09-30,AMZN,2026-09-25,5,249.1499938964844
2026-09-30,AMZN,2026-09-25,5,249.1499938964844
2026-09-30,AMZN,2026-09-25,5,249.1499938964844
2026-09-30,AMZN,2026-09-25,5,249.1499938964844
2026-09-30,AMZN,2026-09-25,5,249.1499938964844
2026-09-30,AMZN,2026-09-25,5,249.1499938964844
2026-09-30,AMZN,2026-09-25,5,249.1499938964844
2026-09-30,AMZN,2026-09-25,5,249.1499938964844
2026-09-30,AMZN,2026-09-25,5,249.1499938964844
2026-09-30,AMZN,2026-09-25,5,249.1499938964844
2026-09-30,AMZN,2026-09-25,5,249.1499938964844
2026-09-30,AMZN,2026-09-25,5,249.1499938964844
2026-09-30,AMZN,2026-09-25,5,249.1499938964844
2026-09-30,AMZN,2026-09-25,5,249.1499938964844
2026-09-30,AMZN,2026-09-25,5,249.1499938964844
2026-09-30,AMZN,2026-09-25,5,249.1499938964844
2026-09-22,AMZN,2026-09-27,-5,254.97999572753903
2026-09-22,AMZN,2026-09-27,-5,254.97999572753903
2026-09-22,AMZN,2026-09-27,-5,254.97999572753903
2026-09-22,AMZN,2026-09-27,-5,254.97999572753903
2026-09-22,AMZN,2026-09-27,-5,254.97999572753903
2026-09-22,AMZN,2026-09-27,-5,254.97999572753903
2026-09-22,AMZN,2026-09-27,-5,254.97999572753903
2026-09-22,AMZN,2026-09-27,-5,254.97999572753903
2026-09-22,AMZN,2026-09-27,-5,254.97999572753903
2026-09-22,AMZN,2026-09-27,-5,254.97999572753903
2026-09-22,AMZN,2026-09-27,-5,254.97999572753903
2026-09-22,AMZN,2026-09-27,-5,254.97999572753903
2026-09-22,AMZN,2026-09-27,-5,254.97999572753903
2026-09-22,AMZN,2026-09-27,-5,254.97999572753903
2026-09-22,AMZN,2026-09-27,-5,254.97999572753903
2026-09-22,AMZN,2026-09-27,-5,254.97999572753903
2026-09-22,AMZN,2026-09-27,-5,254.97999572753903
2026-09-22,AMZN,2026-09-27,-5,254.97999572753903
2026-09-23,AMZN,2026-09-27,-4,249.2700042724609
2026-09-23,AMZN,2026-09-27,-4,249.2700042724609
2026-09-23,AMZN,2026-09-27,-4,249.2700042724609
2026-09-23,AMZN,2026-09-27,-4,249.2700042724609
2026-09-23,AMZN,2026-09-27,-4,249.2700042724609
2026-09-23,AMZN,2026-09-27,-4,249.2700042724609
2026-09-23,AMZN,2026-09-27,-4,249.2700042724609
2026-09-23,AMZN,2026-09-27,-4,249.2700042724609
2026-09-23,AMZN,2026-09-27,-4,249.2700042724609
2026-09-23,AMZN,2026-09-27,-4,249.2700042724609
2026-09-23,AMZN,2026-09-27,-4,249.2700042724609
2026-09-23,AMZN,2026-09-27,-4,249.2700042724609
2026-09-23,AMZN,2026-09-27,-4,249.2700042724609
2026-09-23,AMZN,2026-09-27,-4,249.2700042724609
2026-09-23,AMZN,2026-09-27,-4,249.2700042724609
2026-09-23,AMZN,2026-09-27,-4,249.2700042724609
2026-09-23,AMZN,2026-09-27,-4,249.2700042724609
2026-09-23,AMZN,2026-09-27,-4,249.2700042724609
2026-09-24,AMZN,2026-09-27,-3,249.3800048828125
2026-09-24,AMZN,2026-09-27,-3,249.3800048828125
2026-09-24,AMZN,2026-09-27,-3,249.3800048828125
2026-09-24,AMZN,2026-09-27,-3,249.3800048828125
2026-09-24,AMZN,2026-09-27,-3,249.3800048828125
2026-09-24,AMZN,2026-09-27,-3,249.3800048828125
2026-09-24,AMZN,2026-09-27,-3,249.3800048828125
2026-09-24,AMZN,2026-09-27,-3,249.3800048828125
2026-09-24,AMZN,2026-09-27,-3,249.3800048828125
2026-09-24,AMZN,2026-09-27,-3,249.3800048828125
2026-09-24,AMZN,2026-09-27,-3,249.3800048828125
2026-09-24,AMZN,2026-09-27,-3,249.3800048828125
2026-09-24,AMZN,2026-09-27,-3,249.3800048828125
2026-09-24,AMZN,2026-09-27,-3,249.3800048828125
2026-09-24,AMZN,2026-09-27,-3,249.3800048828125
2026-09-24,AMZN,2026-09-27,-3,249.3800048828125
2026-09-24,AMZN,2026-09-27,-3,249.3800048828125
2026-09-24,AMZN,2026-09-27,-3,249.3800048828125
2026-09-25,AMZN,2026-09-27,-2,249.6699981689453
2026-09-25,AMZN,2026-09-27,-2,249.6699981689453
2026-09-25,AMZN,2026-09-27,-2,249.6699981689453
2026-09-25,AMZN,2026-09-27,-2,249.6699981689453
2026-09-25,AMZN,2026-09-27,-2,249.6699981689453
2026-09-25,AMZN,2026-09-27,-2,249.6699981689453
2026-09-25,AMZN,2026-09-27,-2,249.6699981689453
2026-09-25,AMZN,2026-09-27,-2,249.6699981689453
2026-09-25,AMZN,2026-09-27,-2,249.6699981689453
2026-09-25,AMZN,2026-09-27,-2,249.6699981689453
2026-09-25,AMZN,2026-09-27,-2,249.6699981689453
2026-09-25,AMZN,2026-09-27,-2,249.6699981689453
2026-09-25,AMZN,2026-09-27,-2,249.6699981689453
2026-09-25,AMZN,2026-09-27,-2,249.6699981689453
2026-09-25,AMZN,2026-09-27,-2,249.6699981689453
2026-09-25,AMZN,2026-09-27,-2,249.6699981689453
2026-09-25,AMZN,2026-09-27,-2,249.6699981689453
2026-09-25,AMZN,2026-09-27,-2,249.6699981689453
2026-09-28,AMZN,2026-09-27,1,246.1499938964844
2026-09-28,AMZN,2026-09-27,1,246.1499938964844
2026-09-28,AMZN,2026-09-27,1,246.1499938964844
2026-09-28,AMZN,2026-09-27,1,246.1499938964844
2026-09-28,AMZN,2026-09-27,1,246.1499938964844
2026-09-28,AMZN,2026-09-27,1,246.1499938964844
2026-09-28,AMZN,2026-09-27,1,246.1499938964844
2026-09-28,AMZN,2026-09-27,1,246.1499938964844
2026-09-28,AMZN,2026-09-27,1,246.1499938964844
2026-09-28,AMZN,2026-09-27,1,246.1499938964844
2026-09-28,AMZN,2026-09-27,1,246.1499938964844
2026-09-28,AMZN,2026-09-27,1,246.1499938964844
2026-09-28,AMZN,2026-09-27,1,246.1499938964844
2026-09-28,AMZN,2026-09-27,1,246.1499938964844
2026-09-28,AMZN,2026-09-27,1,246.1499938964844
2026-09-28,AMZN,2026-09-27,1,246.1499938964844
2026-09-28,AMZN,2026-09-27,1,246.1499938964844
2026-09-28,AMZN,2026-09-27,1,246.1499938964844
2026-09-29,AMZN,2026-09-27,2,246.6699981689453
2026-09-29,AMZN,2026-09-27,2,246.6699981689453
2026-09-29,AMZN,2026-09-27,2,246.6699981689453
2026-09-29,AMZN,2026-09-27,2,246.6699981689453
2026-09-29,AMZN,2026-09-27,2,246.6699981689453
2026-09-29,AMZN,2026-09-27,2,246.6699981689453
2026-09-29,AMZN,2026-09-27,2,246.6699981689453
2026-09-29,AMZN,2026-09-27,2,246.6699981689453
2026-09-29,AMZN,2026-09-27,2,246.6699981689453
2026-09-29,AMZN,2026-09-27,2,246.6699981689453
2026-09-29,AMZN,2026-09-27,2,246.6699981689453
2026-09-29,AMZN,2026-09-27,2,246.6699981689453
2026-09-29,AMZN,2026-09-27,2,246.6699981689453
2026-09-29,AMZN,2026-09-27,2,246.6699981689453
2026-09-29,AMZN,2026-09-27,2,246.6699981689453
2026-09-29,AMZN,2026-09-27,2,246.6699981689453
2026-09-29,AMZN,2026-09-27,2,246.6699981689453
2026-09-29,AMZN,2026-09-27,2,246.6699981689453
2026-09-30,AMZN,2026-09-27,3,249.1499938964844
2026-09-30,AMZN,2026-09-27,3,249.1499938964844
2026-09-30,AMZN,2026-09-27,3,249.1499938964844
2026-09-30,AMZN,2026-09-27,3,249.1499938964844
2026-09-30,AMZN,2026-09-27,3,249.1499938964844
2026-09-30,AMZN,2026-09-27,3,249.1499938964844
2026-09-30,AMZN,2026-09-27,3,249.1499938964844
2026-09-30,AMZN,2026-09-27,3,249.1499938964844
2026-09-30,AMZN,2026-09-27,3,249.1499938964844
2026-09-30,AMZN,2026-09-27,3,249.1499938964844
2026-09-30,AMZN,2026-09-27,3,249.1499938964844
2026-09-30,AMZN,2026-09-27,3,249.1499938964844
2026-09-30,AMZN,2026-09-27,3,249.1499938964844
2026-09-30,AMZN,2026-09-27,3,249.1499938964844
2026-09-30,AMZN,2026-09-27,3,249.1499938964844
2026-09-30,AMZN,2026-09-27,3,249.1499938964844
2026-09-30,AMZN,2026-09-27,3,249.1499938964844
2026-09-30,AMZN,2026-09-27,3,249.1499938964844
2026-10-01,AMZN,2026-09-27,4,247.1699981689453
2026-10-01,AMZN,2026-09-27,4,247.1699981689453
2026-10-01,AMZN,2026-09-27,4,247.1699981689453
2026-10-01,AMZN,2026-09-27,4,247.1699981689453
2026-10-01,AMZN,2026-09-27,4,247.1699981689453
2026-10-01,AMZN,2026-09-27,4,247.1699981689453
2026-10-01,AMZN,2026-09-27,4,247.1699981689453
2026-10-01,AMZN,2026-09-27,4,247.1699981689453
2026-10-01,AMZN,2026-09-27,4,247.1699981689453
2026-10-01,AMZN,2026-09-27,4,247.1699981689453
2026-10-01,AMZN,2026-09-27,4,247.1699981689453
2026-10-01,AMZN,2026-09-27,4,247.1699981689453
2026-10-01,AMZN,2026-09-27,4,247.1699981689453
2026-10-01,AMZN,2026-09-27,4,247.1699981689453
2026-10-01,AMZN,2026-09-27,4,247.1699981689453
2026-10-01,AMZN,2026-09-27,4,247.1699981689453
2026-10-01,AMZN,2026-09-27,4,247.1699981689453
2026-10-01,AMZN,2026-09-27,4,247.1699981689453
2026-09-23,AMZN,2026-09-28,-5,249.2700042724609
2026-09-23,AMZN,2026-09-28,-5,249.2700042724609
2026-09-23,AMZN,2026-09-28,-5,249.2700042724609
2026-09-23,AMZN,2026-09-28,-5,249.2700042724609
2026-09-23,AMZN,2026-09-28,-5,249.2700042724609
2026-09-23,AMZN,2026-09-28,-5,249.2700042724609
2026-09-23,AMZN,2026-09-28,-5,249.2700042724609
2026-09-23,AMZN,2026-09-28,-5,249.2700042724609
2026-09-23,AMZN,2026-09-28,-5,249.2700042724609
2026-09-23,AMZN,2026-09-28,-5,249.2700042724609
2026-09-23,AMZN,2026-09-28,-5,249.2700042724609
2026-09-23,AMZN,2026-09-28,-5,249.2700042724609
2026-09-23,AMZN,2026-09-28,-5,249.2700042724609
2026-09-23,AMZN,2026-09-28,-5,249.2700042724609
2026-09-23,AMZN,2026-09-28,-5,249.2700042724609
2026-09-23,AMZN,2026-09-28,-5,249.2700042724609
2026-09-23,AMZN,2026-09-28,-5,249.2700042724609
2026-09-23,AMZN,2026-09-28,-5,249.2700042724609
2026-09-23,AMZN,2026-09-28,-5,249.2700042724609
2026-09-23,AMZN,2026-09-28,-5,249.2700042724609
2026-09-23,AMZN,2026-09-28,-5,249.2700042724609
2026-09-23,AMZN,2026-09-28,-5,249.2700042724609
2026-09-23,AMZN,2026-09-28,-5,249.2700042724609
2026-09-23,AMZN,2026-09-28,-5,249.2700042724609
2026-09-23,AMZN,2026-09-28,-5,249.2700042724609
2026-09-23,AMZN,2026-09-28,-5,249.2700042724609
2026-09-23,AMZN,2026-09-28,-5,249.2700042724609
2026-09-23,AMZN,2026-09-28,-5,249.2700042724609
2026-09-23,AMZN,2026-09-28,-5,249.2700042724609
2026-09-23,AMZN,2026-09-28,-5,249.2700042724609
2026-09-23,AMZN,2026-09-28,-5,249.2700042724609
2026-09-23,AMZN,2026-09-28,-5,249.2700042724609
2026-09-23,AMZN,2026-09-28,-5,249.2700042724609
2026-09-23,AMZN,2026-09-28,-5,249.2700042724609
2026-09-23,AMZN,2026-09-28,-5,249.2700042724609
2026-09-23,AMZN,2026-09-28,-5,249.2700042724609
2026-09-23,AMZN,2026-09-28,-5,249.2700042724609
2026-09-23,AMZN,2026-09-28,-5,249.2700042724609
2026-09-23,AMZN,2026-09-28,-5,249.2700042724609
2026-09-23,AMZN,2026-09-28,-5,249.2700042724609
2026-09-23,AMZN,2026-09-28,-5,249.2700042724609
2026-09-24,AMZN,2026-09-28,-4,249.3800048828125
2026-09-24,AMZN,2026-09-28,-4,249.3800048828125
2026-09-24,AMZN,2026-09-28,-4,249.3800048828125
2026-09-24,AMZN,2026-09-28,-4,249.3800048828125
2026-09-24,AMZN,2026-09-28,-4,249.3800048828125
2026-09-24,AMZN,2026-09-28,-4,249.3800048828125
2026-09-24,AMZN,2026-09-28,-4,249.3800048828125
2026-09-24,AMZN,2026-09-28,-4,249.3800048828125
2026-09-24,AMZN,2026-09-28,-4,249.3800048828125
2026-09-24,AMZN,2026-09-28,-4,249.3800048828125
2026-09-24,AMZN,2026-09-28,-4,249.3800048828125
2026-09-24,AMZN,2026-09-28,-4,249.3800048828125
2026-09-24,AMZN,2026-09-28,-4,249.3800048828125
2026-09-24,AMZN,2026-09-28,-4,249.3800048828125
2026-09-24,AMZN,2026-09-28,-4,249.3800048828125
2026-09-24,AMZN,2026-09-28,-4,249.3800048828125
2026-09-24,AMZN,2026-09-28,-4,249.3800048828125
2026-09-24,AMZN,2026-09-28,-4,249.3800048828125
2026-09-24,AMZN,2026-09-28,-4,249.3800048828125
2026-09-24,AMZN,2026-09-28,-4,249.3800048828125
2026-09-24,AMZN,2026-09-28,-4,249.3800048828125
2026-09-24,AMZN,2026-09-28,-4,249.3800048828125
2026-09-24,AMZN,2026-09-28,-4,249.3800048828125
2026-09-24,AMZN,2026-09-28,-4,249.3800048828125
2026-09-24,AMZN,2026-09-28,-4,249.3800048828125
2026-09-24,AMZN,2026-09-28,-4,249.3800048828125
2026-09-24,AMZN,2026-09-28,-4,249.3800048828125
2026-09-24,AMZN,2026-09-28,-4,249.3800048828125
2026-09-24,AMZN,2026-09-28,-4,249.3800048828125
2026-09-24,AMZN,2026-09-28,-4,249.3800048828125
2026-09-24,AMZN,2026-09-28,-4,249.3800048828125
2026-09-24,AMZN,2026-09-28,-4,249.3800048828125
2026-09-24,AMZN,2026-09-28,-4,249.3800048828125
2026-09-24,AMZN,2026-09-28,-4,249.3800048828125
2026-09-24,AMZN,2026-09-28,-4,249.3800048828125
2026-09-24,AMZN,2026-09-28,-4,249.3800048828125
2026-09-24,AMZN,2026-09-28,-4,249.3800048828125
2026-09-24,AMZN,2026-09-28,-4,249.3800048828125
2026-09-24,AMZN,2026-09-28,-4,249.3800048828125
2026-09-24,AMZN,2026-09-28,-4,249.3800048828125
2026-09-24,AMZN,2026-09-28,-4,249.3800048828125
2026-09-25,AMZN,2026-09-28,-3,249.6699981689453
2026-09-25,AMZN,2026-09-28,-3,249.6699981689453
2026-09-25,AMZN,2026-09-28,-3,249.6699981689453
2026-09-25,AMZN,2026-09-28,-3,249.6699981689453
2026-09-25,AMZN,2026-09-28,-3,249.6699981689453
2026-09-25,AMZN,2026-09-28,-3,249.6699981689453
2026-09-25,AMZN,2026-09-28,-3,249.6699981689453
2026-09-25,AMZN,2026-09-28,-3,249.6699981689453
2026-09-25,AMZN,2026-09-28,-3,249.6699981689453
2026-09-25,AMZN,2026-09-28,-3,249.6699981689453
2026-09-25,AMZN,2026-09-28,-3,249.6699981689453
2026-09-25,AMZN,2026-09-28,-3,249.6699981689453
2026-09-25,AMZN,2026-09-28,-3,249.6699981689453
2026-09-25,AMZN,2026-09-28,-3,249.6699981689453
2026-09-25,AMZN,2026-09-28,-3,249.6699981689453
2026-09-25,AMZN,2026-09-28,-3,249.6699981689453
2026-09-25,AMZN,2026-09-28,-3,249.6699981689453
2026-09-25,AMZN,2026-09-28,-3,249.6699981689453
2026-09-25,AMZN,2026-09-28,-3,249.6699981689453
2026-09-25,AMZN,2026-09-28,-3,249.6699981689453
2026-09-25,AMZN,2026-09-28,-3,249.6699981689453
2026-09-25,AMZN,2026-09-28,-3,249.6699981689453
2026-09-25,AMZN,2026-09-28,-3,249.6699981689453
2026-09-25,AMZN,2026-09-28,-3,249.6699981689453
2026-09-25,AMZN,2026-09-28,-3,249.6699981689453
2026-09-25,AMZN,2026-09-28,-3,249.6699981689453
2026-09-25,AMZN,2026-09-28,-3,249.6699981689453
2026-09-25,AMZN,2026-09-28,-3,249.6699981689453
2026-09-25,AMZN,2026-09-28,-3,249.6699981689453
2026-09-25,AMZN,2026-09-28,-3,249.6699981689453
2026-09-25,AMZN,2026-09-28,-3,249.6699981689453
2026-09-25,AMZN,2026-09-28,-3,249.6699981689453
2026-09-25,AMZN,2026-09-28,-3,249.6699981689453
2026-09-25,AMZN,2026-09-28,-3,249.6699981689453
2026-09-25,AMZN,2026-09-28,-3,249.6699981689453
2026-09-25,AMZN,2026-09-28,-3,249.6699981689453
2026-09-25,AMZN,2026-09-28,-3,249.6699981689453
2026-09-25,AMZN,2026-09-28,-3,249.6699981689453
2026-09-25,AMZN,2026-09-28,-3,249.6699981689453
2026-09-25,AMZN,2026-09-28,-3,249.6699981689453
2026-09-25,AMZN,2026-09-28,-3,249.6699981689453
2026-09-28,AMZN,2026-09-28,0,246.1499938964844
2026-09-28,AMZN,2026-09-28,0,246.1499938964844
2026-09-28,AMZN,2026-09-28,0,246.1499938964844
2026-09-28,AMZN,2026-09-28,0,246.1499938964844
2026-09-28,AMZN,2026-09-28,0,246.1499938964844
2026-09-28,AMZN,2026-09-28,0,246.1499938964844
2026-09-28,AMZN,2026-09-28,0,246.1499938964844
2026-09-28,AMZN,2026-09-28,0,246.1499938964844
2026-09-28,AMZN,2026-09-28,0,246.1499938964844
2026-09-28,AMZN,2026-09-28,0,246.1499938964844
2026-09-28,AMZN,2026-09-28,0,246.1499938964844
2026-09-28,AMZN,2026-09-28,0,246.1499938964844
2026-09-28,AMZN,2026-09-28,0,246.1499938964844
2026-09-28,AMZN,2026-09-28,0,246.1499938964844
2026-09-28,AMZN,2026-09-28,0,246.1499938964844
2026-09-28,AMZN,2026-09-28,0,246.1499938964844
2026-09-28,AMZN,2026-09-28,0,246.1499938964844
2026-09-28,AMZN,2026-09-28,0,246.1499938964844
2026-09-28,AMZN,2026-09-28,0,246.1499938964844
2026-09-28,AMZN,2026-09-28,0,246.1499938964844
2026-09-28,AMZN,2026-09-28,0,246.1499938964844
2026-09-28,AMZN,2026-09-28,0,246.1499938964844
2026-09-28,AMZN,2026-09-28,0,246.1499938964844
2026-09-28,AMZN,2026-09-28,0,246.1499938964844
2026-09-28,AMZN,2026-09-28,0,246.1499938964844
2026-09-28,AMZN,2026-09-28,0,246.1499938964844
2026-09-28,AMZN,2026-09-28,0,246.1499938964844
2026-09-28,AMZN,2026-09-28,0,246.1499938964844
2026-09-28,AMZN,2026-09-28,0,246.1499938964844
2026-09-28,AMZN,2026-09-28,0,246.1499938964844
2026-09-28,AMZN,2026-09-28,0,246.1499938964844
2026-09-28,AMZN,2026-09-28,0,246.1499938964844
2026-09-28,AMZN,2026-09-28,0,246.1499938964844
2026-09-28,AMZN,2026-09-28,0,246.1499938964844
2026-09-28,AMZN,2026-09-28,0,246.1499938964844
2026-09-28,AMZN,2026-09-28,0,246.1499938964844
2026-09-28,AMZN,2026-09-28,0,246.1499938964844
2026-09-28,AMZN,2026-09-28,0,246.1499938964844
2026-09-28,AMZN,2026-09-28,0,246.1499938964844
2026-09-28,AMZN,2026-09-28,0,246.1499938964844
2026-09-28,AMZN,2026-09-28,0,246.1499938964844
2026-09-29,AMZN,2026-09-28,1,246.6699981689453
2026-09-29,AMZN,2026-09-28,1,246.6699981689453
2026-09-29,AMZN,2026-09-28,1,246.6699981689453
2026-09-29,AMZN,2026-09-28,1,246.6699981689453
2026-09-29,AMZN,2026-09-28,1,246.6699981689453
2026-09-29,AMZN,2026-09-28,1,246.6699981689453
2026-09-29,AMZN,2026-09-28,1,246.6699981689453
2026-09-29,AMZN,2026-09-28,1,246.6699981689453
2026-09-29,AMZN,2026-09-28,1,246.6699981689453
2026-09-29,AMZN,2026-09-28,1,246.6699981689453
2026-09-29,AMZN,2026-09-28,1,246.6699981689453
2026-09-29,AMZN,2026-09-28,1,246.6699981689453
2026-09-29,AMZN,2026-09-28,1,246.6699981689453
2026-09-29,AMZN,2026-09-28,1,246.6699981689453
2026-09-29,AMZN,2026-09-28,1,246.6699981689453
2026-09-29,AMZN,2026-09-28,1,246.6699981689453
2026-09-29,AMZN,2026-09-28,1,246.6699981689453
2026-09-29,AMZN,2026-09-28,1,246.6699981689453
2026-09-29,AMZN,2026-09-28,1,246.6699981689453
2026-09-29,AMZN,2026-09-28,1,246.6699981689453
2026-09-29,AMZN,2026-09-28,1,246.6699981689453
2026-09-29,AMZN,2026-09-28,1,246.6699981689453
2026-09-29,AMZN,2026-09-28,1,246.6699981689453
2026-09-29,AMZN,2026-09-28,1,246.6699981689453
2026-09-29,AMZN,2026-09-28,1,246.6699981689453
2026-09-29,AMZN,2026-09-28,1,246.6699981689453
2026-09-29,AMZN,2026-09-28,1,246.6699981689453
2026-09-29,AMZN,2026-09-28,1,246.6699981689453
2026-09-29,AMZN,2026-09-28,1,246.6699981689453
2026-09-29,AMZN,2026-09-28,1,246.6699981689453
2026-09-29,AMZN,2026-09-28,1,246.6699981689453
2026-09-29,AMZN,2026-09-28,1,246.6699981689453
2026-09-29,AMZN,2026-09-28,1,246.6699981689453
2026-09-29,AMZN,2026-09-28,1,246.6699981689453
2026-09-29,AMZN,2026-09-28,1,246.6699981689453
2026-09-29,AMZN,2026-09-28,1,246.6699981689453
2026-09-29,AMZN,2026-09-28,1,246.6699981689453
2026-09-29,AMZN,2026-09-28,1,246.6699981689453
2026-09-29,AMZN,2026-09-28,1,246.6699981689453
2026-09-29,AMZN,2026-09-28,1,246.6699981689453
2026-09-29,AMZN,2026-09-28,1,246.6699981689453
2026-09-30,AMZN,2026-09-28,2,249.1499938964844
2026-09-30,AMZN,2026-09-28,2,249.1499938964844
2026-09-30,AMZN,2026-09-28,2,249.1499938964844
2026-09-30,AMZN,2026-09-28,2,249.1499938964844
2026-09-30,AMZN,2026-09-28,2,249.1499938964844
2026-09-30,AMZN,2026-09-28,2,249.1499938964844
2026-09-30,AMZN,2026-09-28,2,249.1499938964844
2026-09-30,AMZN,2026-09-28,2,249.1499938964844
2026-09-30,AMZN,2026-09-28,2,249.1499938964844
2026-09-30,AMZN,2026-09-28,2,249.1499938964844
2026-09-30,AMZN,2026-09-28,2,249.1499938964844
2026-09-30,AMZN,2026-09-28,2,249.1499938964844
2026-09-30,AMZN,2026-09-28,2,249.1499938964844
2026-09-30,AMZN,2026-09-28,2,249.1499938964844
2026-09-30,AMZN,2026-09-28,2,249.1499938964844
2026-09-30,AMZN,2026-09-28,2,249.1499938964844
2026-09-30,AMZN,2026-09-28,2,249.1499938964844
2026-09-30,AMZN,2026-09-28,2,249.1499938964844
2026-09-30,AMZN,2026-09-28,2,249.1499938964844
2026-09-30,AMZN,2026-09-28,2,249.1499938964844
2026-09-30,AMZN,2026-09-28,2,249.1499938964844
2026-09-30,AMZN,2026-09-28,2,249.1499938964844
2026-09-30,AMZN,2026-09-28,2,249.1499938964844
2026-09-30,AMZN,2026-09-28,2,249.1499938964844
2026-09-30,AMZN,2026-09-28,2,249.1499938964844
2026-09-30,AMZN,2026-09-28,2,249.1499938964844
2026-09-30,AMZN,2026-09-28,2,249.1499938964844
2026-09-30,AMZN,2026-09-28,2,249.1499938964844
2026-09-30,AMZN,2026-09-28,2,249.1499938964844
2026-09-30,AMZN,2026-09-28,2,249.1499938964844
2026-09-30,AMZN,2026-09-28,2,249.1499938964844
2026-09-30,AMZN,2026-09-28,2,249.1499938964844
2026-09-30,AMZN,2026-09-28,2,249.1499938964844
2026-09-30,AMZN,2026-09-28,2,249.1499938964844
2026-09-30,AMZN,2026-09-28,2,249.1499938964844
2026-09-30,AMZN,2026-09-28,2,249.1499938964844
2026-09-30,AMZN,2026-09-28,2,249.1499938964844
2026-09-30,AMZN,2026-09-28,2,249.1499938964844
2026-09-30,AMZN,2026-09-28,2,249.1499938964844
2026-09-30,AMZN,2026-09-28,2,249.1499938964844
2026-09-30,AMZN,2026-09-28,2,249.1499938964844
2026-10-01,AMZN,2026-09-28,3,247.1699981689453
2026-10-01,AMZN,2026-09-28,3,247.1699981689453
2026-10-01,AMZN,2026-09-28,3,247.1699981689453
2026-10-01,AMZN,2026-09-28,3,247.1699981689453
2026-10-01,AMZN,2026-09-28,3,247.1699981689453
2026-10-01,AMZN,2026-09-28,3,247.1699981689453
2026-10-01,AMZN,2026-09-28,3,247.1699981689453
2026-10-01,AMZN,2026-09-28,3,247.1699981689453
2026-10-01,AMZN,2026-09-28,3,247.1699981689453
2026-10-01,AMZN,2026-09-28,3,247.1699981689453
2026-10-01,AMZN,2026-09-28,3,247.1699981689453
2026-10-01,AMZN,2026-09-28,3,247.1699981689453
2026-10-01,AMZN,2026-09-28,3,247.1699981689453
2026-10-01,AMZN,2026-09-28,3,247.1699981689453
2026-10-01,AMZN,2026-09-28,3,247.1699981689453
2026-10-01,AMZN,2026-09-28,3,247.1699981689453
2026-10-01,AMZN,2026-09-28,3,247.1699981689453
2026-10-01,AMZN,2026-09-28,3,247.1699981689453
2026-10-01,AMZN,2026-09-28,3,247.1699981689453
2026-10-01,AMZN,2026-09-28,3,247.1699981689453
2026-10-01,AMZN,2026-09-28,3,247.1699981689453
2026-10-01,AMZN,2026-09-28,3,247.1699981689453
2026-10-01,AMZN,2026-09-28,3,247.1699981689453
2026-10-01,AMZN,2026-09-28,3,247.1699981689453
2026-10-01,AMZN,2026-09-28,3,247.1699981689453
2026-10-01,AMZN,2026-09-28,3,247.1699981689453
2026-10-01,AMZN,2026-09-28,3,247.1699981689453
2026-10-01,AMZN,2026-09-28,3,247.1699981689453
2026-10-01,AMZN,2026-09-28,3,247.1699981689453
2026-10-01,AMZN,2026-09-28,3,247.1699981689453
2026-10-01,AMZN,2026-09-28,3,247.1699981689453
2026-10-01,AMZN,2026-09-28,3,247.1699981689453
2026-10-01,AMZN,2026-09-28,3,247.1699981689453
2026-10-01,AMZN,2026-09-28,3,247.1699981689453
2026-10-01,AMZN,2026-09-28,3,247.1699981689453
2026-10-01,AMZN,2026-09-28,3,247.1699981689453
2026-10-01,AMZN,2026-09-28,3,247.1699981689453
2026-10-01,AMZN,2026-09-28,3,247.1699981689453
2026-10-01,AMZN,2026-09-28,3,247.1699981689453
2026-10-01,AMZN,2026-09-28,3,247.1699981689453
2026-10-01,AMZN,2026-09-28,3,247.1699981689453
2026-09-24,AMZN,2026-09-29,-5,249.3800048828125
2026-09-24,AMZN,2026-09-29,-5,249.3800048828125
2026-09-24,AMZN,2026-09-29,-5,249.3800048828125
2026-09-24,AMZN,2026-09-29,-5,249.3800048828125
2026-09-24,AMZN,2026-09-29,-5,249.3800048828125
2026-09-24,AMZN,2026-09-29,-5,249.3800048828125
2026-09-24,AMZN,2026-09-29,-5,249.3800048828125
2026-09-24,AMZN,2026-09-29,-5,249.3800048828125
2026-09-24,AMZN,2026-09-29,-5,249.3800048828125
2026-09-24,AMZN,2026-09-29,-5,249.3800048828125
2026-09-24,AMZN,2026-09-29,-5,249.3800048828125
2026-09-24,AMZN,2026-09-29,-5,249.3800048828125
2026-09-24,AMZN,2026-09-29,-5,249.3800048828125
2026-09-24,AMZN,2026-09-29,-5,249.3800048828125
2026-09-24,AMZN,2026-09-29,-5,249.3800048828125
2026-09-24,AMZN,2026-09-29,-5,249.3800048828125
2026-09-24,AMZN,2026-09-29,-5,249.3800048828125
2026-09-24,AMZN,2026-09-29,-5,249.3800048828125
2026-09-24,AMZN,2026-09-29,-5,249.3800048828125
2026-09-24,AMZN,2026-09-29,-5,249.3800048828125
2026-09-24,AMZN,2026-09-29,-5,249.3800048828125
2026-09-24,AMZN,2026-09-29,-5,249.3800048828125
2026-09-24,AMZN,2026-09-29,-5,249.3800048828125
2026-09-24,AMZN,2026-09-29,-5,249.3800048828125
2026-09-24,AMZN,2026-09-29,-5,249.3800048828125
2026-09-24,AMZN,2026-09-29,-5,249.3800048828125
2026-09-24,AMZN,2026-09-29,-5,249.3800048828125
2026-09-24,AMZN,2026-09-29,-5,249.3800048828125
2026-09-24,AMZN,2026-09-29,-5,249.3800048828125
2026-09-24,AMZN,2026-09-29,-5,249.3800048828125
2026-09-24,AMZN,2026-09-29,-5,249.3800048828125
2026-09-24,AMZN,2026-09-29,-5,249.3800048828125
2026-09-24,AMZN,2026-09-29,-5,249.3800048828125
2026-09-24,AMZN,2026-09-29,-5,249.3800048828125
2026-09-24,AMZN,2026-09-29,-5,249.3800048828125
2026-09-24,AMZN,2026-09-29,-5,249.3800048828125
2026-09-24,AMZN,2026-09-29,-5,249.3800048828125
2026-09-24,AMZN,2026-09-29,-5,249.3800048828125
2026-09-24,AMZN,2026-09-29,-5,249.3800048828125
2026-09-24,AMZN,2026-09-29,-5,249.3800048828125
2026-09-24,AMZN,2026-09-29,-5,249.3800048828125
2026-09-24,AMZN,2026-09-29,-5,249.3800048828125
2026-09-24,AMZN,2026-09-29,-5,249.3800048828125
2026-09-24,AMZN,2026-09-29,-5,249.3800048828125
2026-09-24,AMZN,2026-09-29,-5,249.3800048828125
2026-09-24,AMZN,2026-09-29,-5,249.3800048828125
2026-09-24,AMZN,2026-09-29,-5,249.3800048828125
2026-09-24,AMZN,2026-09-29,-5,249.3800048828125
2026-09-24,AMZN,2026-09-29,-5,249.3800048828125
2026-09-24,AMZN,2026-09-29,-5,249.3800048828125
2026-09-24,AMZN,2026-09-29,-5,249.3800048828125
2026-09-24,AMZN,2026-09-29,-5,249.3800048828125
2026-09-24,AMZN,2026-09-29,-5,249.3800048828125
2026-09-24,AMZN,2026-09-29,-5,249.3800048828125
2026-09-24,AMZN,2026-09-29,-5,249.3800048828125
2026-09-24,AMZN,2026-09-29,-5,249.3800048828125
2026-09-24,AMZN,2026-09-29,-5,249.3800048828125
2026-09-25,AMZN,2026-09-29,-4,249.6699981689453
2026-09-25,AMZN,2026-09-29,-4,249.6699981689453
2026-09-25,AMZN,2026-09-29,-4,249.6699981689453
2026-09-25,AMZN,2026-09-29,-4,249.6699981689453
2026-09-25,AMZN,2026-09-29,-4,249.6699981689453
2026-09-25,AMZN,2026-09-29,-4,249.6699981689453
2026-09-25,AMZN,2026-09-29,-4,249.6699981689453
2026-09-25,AMZN,2026-09-29,-4,249.6699981689453
2026-09-25,AMZN,2026-09-29,-4,249.6699981689453
2026-09-25,AMZN,2026-09-29,-4,249.6699981689453
2026-09-25,AMZN,2026-09-29,-4,249.6699981689453
2026-09-25,AMZN,2026-09-29,-4,249.6699981689453
2026-09-25,AMZN,2026-09-29,-4,249.6699981689453
2026-09-25,AMZN,2026-09-29,-4,249.6699981689453
2026-09-25,AMZN,2026-09-29,-4,249.6699981689453
2026-09-25,AMZN,2026-09-29,-4,249.6699981689453
2026-09-25,AMZN,2026-09-29,-4,249.6699981689453
2026-09-25,AMZN,2026-09-29,-4,249.6699981689453
2026-09-25,AMZN,2026-09-29,-4,249.6699981689453
2026-09-25,AMZN,2026-09-29,-4,249.6699981689453
2026-09-25,AMZN,2026-09-29,-4,249.6699981689453
2026-09-25,AMZN,2026-09-29,-4,249.6699981689453
2026-09-25,AMZN,2026-09-29,-4,249.6699981689453
2026-09-25,AMZN,2026-09-29,-4,249.6699981689453
2026-09-25,AMZN,2026-09-29,-4,249.6699981689453
2026-09-25,AMZN,2026-09-29,-4,249.6699981689453
2026-09-25,AMZN,2026-09-29,-4,249.6699981689453
2026-09-25,AMZN,2026-09-29,-4,249.6699981689453
2026-09-25,AMZN,2026-09-29,-4,249.6699981689453
2026-09-25,AMZN,2026-09-29,-4,249.6699981689453
2026-09-25,AMZN,2026-09-29,-4,249.6699981689453
2026-09-25,AMZN,2026-09-29,-4,249.6699981689453
2026-09-25,AMZN,2026-09-29,-4,249.6699981689453
2026-09-25,AMZN,2026-09-29,-4,249.6699981689453
2026-09-25,AMZN,2026-09-29,-4,249.6699981689453
2026-09-25,AMZN,2026-09-29,-4,249.6699981689453
2026-09-25,AMZN,2026-09-29,-4,249.6699981689453
2026-09-25,AMZN,2026-09-29,-4,249.6699981689453
2026-09-25,AMZN,2026-09-29,-4,249.6699981689453
2026-09-25,AMZN,2026-09-29,-4,249.6699981689453
2026-09-25,AMZN,2026-09-29,-4,249.6699981689453
2026-09-25,AMZN,2026-09-29,-4,249.6699981689453
2026-09-25,AMZN,2026-09-29,-4,249.6699981689453
2026-09-25,AMZN,2026-09-29,-4,249.6699981689453
2026-09-25,AMZN,2026-09-29,-4,249.6699981689453
2026-09-25,AMZN,2026-09-29,-4,249.6699981689453
2026-09-25,AMZN,2026-09-29,-4,249.6699981689453
2026-09-25,AMZN,2026-09-29,-4,249.6699981689453
2026-09-25,AMZN,2026-09-29,-4,249.6699981689453
2026-09-25,AMZN,2026-09-29,-4,249.6699981689453
2026-09-25,AMZN,2026-09-29,-4,249.6699981689453
2026-09-25,AMZN,2026-09-29,-4,249.6699981689453
2026-09-25,AMZN,2026-09-29,-4,249.6699981689453
2026-09-25,AMZN,2026-09-29,-4,249.6699981689453
2026-09-25,AMZN,2026-09-29,-4,249.6699981689453
2026-09-25,AMZN,2026-09-29,-4,249.6699981689453
2026-09-25,AMZN,2026-09-29,-4,249.6699981689453
2026-09-28,AMZN,2026-09-29,-1,246.1499938964844
2026-09-28,AMZN,2026-09-29,-1,246.1499938964844
2026-09-28,AMZN,2026-09-29,-1,246.1499938964844
2026-09-28,AMZN,2026-09-29,-1,246.1499938964844
2026-09-28,AMZN,2026-09-29,-1,246.1499938964844
2026-09-28,AMZN,2026-09-29,-1,246.1499938964844
2026-09-28,AMZN,2026-09-29,-1,246.1499938964844
2026-09-28,AMZN,2026-09-29,-1,246.1499938964844
2026-09-28,AMZN,2026-09-29,-1,246.1499938964844
2026-09-28,AMZN,2026-09-29,-1,246.1499938964844
2026-09-28,AMZN,2026-09-29,-1,246.1499938964844
2026-09-28,AMZN,2026-09-29,-1,246.1499938964844
2026-09-28,AMZN,2026-09-29,-1,246.1499938964844
2026-09-28,AMZN,2026-09-29,-1,246.1499938964844
2026-09-28,AMZN,2026-09-29,-1,246.1499938964844
2026-09-28,AMZN,2026-09-29,-1,246.1499938964844
2026-09-28,AMZN,2026-09-29,-1,246.1499938964844
2026-09-28,AMZN,2026-09-29,-1,246.1499938964844
2026-09-28,AMZN,2026-09-29,-1,246.1499938964844
2026-09-28,AMZN,2026-09-29,-1,246.1499938964844
2026-09-28,AMZN,2026-09-29,-1,246.1499938964844
2026-09-28,AMZN,2026-09-29,-1,246.1499938964844
2026-09-28,AMZN,2026-09-29,-1,246.1499938964844
2026-09-28,AMZN,2026-09-29,-1,246.1499938964844
2026-09-28,AMZN,2026-09-29,-1,246.1499938964844
2026-09-28,AMZN,2026-09-29,-1,246.1499938964844
2026-09-28,AMZN,2026-09-29,-1,246.1499938964844
2026-09-28,AMZN,2026-09-29,-1,246.1499938964844
2026-09-28,AMZN,2026-09-29,-1,246.1499938964844
2026-09-28,AMZN,2026-09-29,-1,246.1499938964844
2026-09-28,AMZN,2026-09-29,-1,246.1499938964844
2026-09-28,AMZN,2026-09-29,-1,246.1499938964844
2026-09-28,AMZN,2026-09-29,-1,246.1499938964844
2026-09-28,AMZN,2026-09-29,-1,246.1499938964844
2026-09-28,AMZN,2026-09-29,-1,246.1499938964844
2026-09-28,AMZN,2026-09-29,-1,246.1499938964844
2026-09-28,AMZN,2026-09-29,-1,246.1499938964844
2026-09-28,AMZN,2026-09-29,-1,246.1499938964844
2026-09-28,AMZN,2026-09-29,-1,246.1499938964844
2026-09-28,AMZN,2026-09-29,-1,246.1499938964844
2026-09-28,AMZN,2026-09-29,-1,246.1499938964844
2026-09-28,AMZN,2026-09-29,-1,246.1499938964844
2026-09-28,AMZN,2026-09-29,-1,246.1499938964844
2026-09-28,AMZN,2026-09-29,-1,246.1499938964844
2026-09-28,AMZN,2026-09-29,-1,246.1499938964844
2026-09-28,AMZN,2026-09-29,-1,246.1499938964844
2026-09-28,AMZN,2026-09-29,-1,246.1499938964844
2026-09-28,AMZN,2026-09-29,-1,246.1499938964844
2026-09-28,AMZN,2026-09-29,-1,246.1499938964844
2026-09-28,AMZN,2026-09-29,-1,246.1499938964844
2026-09-28,AMZN,2026-09-29,-1,246.1499938964844
2026-09-28,AMZN,2026-09-29,-1,246.1499938964844
2026-09-28,AMZN,2026-09-29,-1,246.1499938964844
2026-09-28,AMZN,2026-09-29,-1,246.1499938964844
2026-09-28,AMZN,2026-09-29,-1,246.1499938964844
2026-09-28,AMZN,2026-09-29,-1,246.1499938964844
2026-09-28,AMZN,2026-09-29,-1,246.1499938964844
2026-09-29,AMZN,2026-09-29,0,246.6699981689453
2026-09-29,AMZN,2026-09-29,0,246.6699981689453
2026-09-29,AMZN,2026-09-29,0,246.6699981689453
2026-09-29,AMZN,2026-09-29,0,246.6699981689453
2026-09-29,AMZN,2026-09-29,0,246.6699981689453
2026-09-29,AMZN,2026-09-29,0,246.6699981689453
2026-09-29,AMZN,2026-09-29,0,246.6699981689453
2026-09-29,AMZN,2026-09-29,0,246.6699981689453
2026-09-29,AMZN,2026-09-29,0,246.6699981689453
2026-09-29,AMZN,2026-09-29,0,246.6699981689453
2026-09-29,AMZN,2026-09-29,0,246.6699981689453
2026-09-29,AMZN,2026-09-29,0,246.6699981689453
2026-09-29,AMZN,2026-09-29,0,246.6699981689453
2026-09-29,AMZN,2026-09-29,0,246.6699981689453
2026-09-29,AMZN,2026-09-29,0,246.6699981689453
2026-09-29,AMZN,2026-09-29,0,246.6699981689453
2026-09-29,AMZN,2026-09-29,0,246.6699981689453
2026-09-29,AMZN,2026-09-29,0,246.6699981689453
2026-09-29,AMZN,2026-09-29,0,246.6699981689453
2026-09-29,AMZN,2026-09-29,0,246.6699981689453
2026-09-29,AMZN,2026-09-29,0,246.6699981689453
2026-09-29,AMZN,2026-09-29,0,246.6699981689453
2026-09-29,AMZN,2026-09-29,0,246.6699981689453
2026-09-29,AMZN,2026-09-29,0,246.6699981689453
2026-09-29,AMZN,2026-09-29,0,246.6699981689453
2026-09-29,AMZN,2026-09-29,0,246.6699981689453
2026-09-29,AMZN,2026-09-29,0,246.6699981689453
2026-09-29,AMZN,2026-09-29,0,246.6699981689453
2026-09-29,AMZN,2026-09-29,0,246.6699981689453
2026-09-29,AMZN,2026-09-29,0,246.6699981689453
2026-09-29,AMZN,2026-09-29,0,246.6699981689453
2026-09-29,AMZN,2026-09-29,0,246.6699981689453
2026-09-29,AMZN,2026-09-29,0,246.6699981689453
2026-09-29,AMZN,2026-09-29,0,246.6699981689453
2026-09-29,AMZN,2026-09-29,0,246.6699981689453
2026-09-29,AMZN,2026-09-29,0,246.6699981689453
2026-09-29,AMZN,2026-09-29,0,246.6699981689453
2026-09-29,AMZN,2026-09-29,0,246.6699981689453
2026-09-29,AMZN,2026-09-29,0,246.6699981689453
2026-09-29,AMZN,2026-09-29,0,246.6699981689453
2026-09-29,AMZN,2026-09-29,0,246.6699981689453
2026-09-29,AMZN,2026-09-29,0,246.6699981689453
2026-09-29,AMZN,2026-09-29,0,246.6699981689453
2026-09-29,AMZN,2026-09-29,0,246.6699981689453
2026-09-29,AMZN,2026-09-29,0,246.6699981689453
2026-09-29,AMZN,2026-09-29,0,246.6699981689453
2026-09-29,AMZN,2026-09-29,0,246.6699981689453
2026-09-29,AMZN,2026-09-29,0,246.6699981689453
2026-09-29,AMZN,2026-09-29,0,246.6699981689453
2026-09-29,AMZN,2026-09-29,0,246.6699981689453
2026-09-29,AMZN,2026-09-29,0,246.6699981689453
2026-09-29,AMZN,2026-09-29,0,246.6699981689453
2026-09-29,AMZN,2026-09-29,0,246.6699981689453
2026-09-29,AMZN,2026-09-29,0,246.6699981689453
2026-09-29,AMZN,2026-09-29,0,246.6699981689453
2026-09-29,AMZN,2026-09-29,0,246.6699981689453
2026-09-29,AMZN,2026-09-29,0,246.6699981689453
2026-09-30,AMZN,2026-09-29,1,249.1499938964844
2026-09-30,AMZN,2026-09-29,1,249.1499938964844
2026-09-30,AMZN,2026-09-29,1,249.1499938964844
2026-09-30,AMZN,2026-09-29,1,249.1499938964844
2026-09-30,AMZN,2026-09-29,1,249.1499938964844
2026-09-30,AMZN,2026-09-29,1,249.1499938964844
2026-09-30,AMZN,2026-09-29,1,249.1499938964844
2026-09-30,AMZN,2026-09-29,1,249.1499938964844
2026-09-30,AMZN,2026-09-29,1,249.1499938964844
2026-09-30,AMZN,2026-09-29,1,249.1499938964844
2026-09-30,AMZN,2026-09-29,1,249.1499938964844
2026-09-30,AMZN,2026-09-29,1,249.1499938964844
2026-09-30,AMZN,2026-09-29,1,249.1499938964844
2026-09-30,AMZN,2026-09-29,1,249.1499938964844
2026-09-30,AMZN,2026-09-29,1,249.1499938964844
2026-09-30,AMZN,2026-09-29,1,249.1499938964844
2026-09-30,AMZN,2026-09-29,1,249.1499938964844
2026-09-30,AMZN,2026-09-29,1,249.1499938964844
2026-09-30,AMZN,2026-09-29,1,249.1499938964844
2026-09-30,AMZN,2026-09-29,1,249.1499938964844
2026-09-30,AMZN,2026-09-29,1,249.1499938964844
2026-09-30,AMZN,2026-09-29,1,249.1499938964844
2026-09-30,AMZN,2026-09-29,1,249.1499938964844
2026-09-30,AMZN,2026-09-29,1,249.1499938964844
2026-09-30,AMZN,2026-09-29,1,249.1499938964844
2026-09-30,AMZN,2026-09-29,1,249.1499938964844
2026-09-30,AMZN,2026-09-29,1,249.1499938964844
2026-09-30,AMZN,2026-09-29,1,249.1499938964844
2026-09-30,AMZN,2026-09-29,1,249.1499938964844
2026-09-30,AMZN,2026-09-29,1,249.1499938964844
2026-09-30,AMZN,2026-09-29,1,249.1499938964844
2026-09-30,AMZN,2026-09-29,1,249.1499938964844
2026-09-30,AMZN,2026-09-29,1,249.1499938964844
2026-09-30,AMZN,2026-09-29,1,249.1499938964844
2026-09-30,AMZN,2026-09-29,1,249.1499938964844
2026-09-30,AMZN,2026-09-29,1,249.1499938964844
2026-09-30,AMZN,2026-09-29,1,249.1499938964844
2026-09-30,AMZN,2026-09-29,1,249.1499938964844
2026-09-30,AMZN,2026-09-29,1,249.1499938964844
2026-09-30,AMZN,2026-09-29,1,249.1499938964844
2026-09-30,AMZN,2026-09-29,1,249.1499938964844
2026-09-30,AMZN,2026-09-29,1,249.1499938964844
2026-09-30,AMZN,2026-09-29,1,249.1499938964844
2026-09-30,AMZN,2026-09-29,1,249.1499938964844
2026-09-30,AMZN,2026-09-29,1,249.1499938964844
2026-09-30,AMZN,2026-09-29,1,249.1499938964844
2026-09-30,AMZN,2026-09-29,1,249.1499938964844
2026-09-30,AMZN,2026-09-29,1,249.1499938964844
2026-09-30,AMZN,2026-09-29,1,249.1499938964844
2026-09-30,AMZN,2026-09-29,1,249.1499938964844
2026-09-30,AMZN,2026-09-29,1,249.1499938964844
2026-09-30,AMZN,2026-09-29,1,249.1499938964844
2026-09-30,AMZN,2026-09-29,1,249.1499938964844
2026-09-30,AMZN,2026-09-29,1,249.1499938964844
2026-09-30,AMZN,2026-09-29,1,249.1499938964844
2026-09-30,AMZN,2026-09-29,1,249.1499938964844
2026-09-30,AMZN,2026-09-29,1,249.1499938964844
2026-10-01,AMZN,2026-09-29,2,247.1699981689453
2026-10-01,AMZN,2026-09-29,2,247.1699981689453
2026-10-01,AMZN,2026-09-29,2,247.1699981689453
2026-10-01,AMZN,2026-09-29,2,247.1699981689453
2026-10-01,AMZN,2026-09-29,2,247.1699981689453
2026-10-01,AMZN,2026-09-29,2,247.1699981689453
2026-10-01,AMZN,2026-09-29,2,247.1699981689453
2026-10-01,AMZN,2026-09-29,2,247.1699981689453
2026-10-01,AMZN,2026-09-29,2,247.1699981689453
2026-10-01,AMZN,2026-09-29,2,247.1699981689453
2026-10-01,AMZN,2026-09-29,2,247.1699981689453
2026-10-01,AMZN,2026-09-29,2,247.1699981689453
2026-10-01,AMZN,2026-09-29,2,247.1699981689453
2026-10-01,AMZN,2026-09-29,2,247.1699981689453
2026-10-01,AMZN,2026-09-29,2,247.1699981689453
2026-10-01,AMZN,2026-09-29,2,247.1699981689453
2026-10-01,AMZN,2026-09-29,2,247.1699981689453
2026-10-01,AMZN,2026-09-29,2,247.1699981689453
2026-10-01,AMZN,2026-09-29,2,247.1699981689453
2026-10-01,AMZN,2026-09-29,2,247.1699981689453
2026-10-01,AMZN,2026-09-29,2,247.1699981689453
2026-10-01,AMZN,2026-09-29,2,247.1699981689453
2026-10-01,AMZN,2026-09-29,2,247.1699981689453
2026-10-01,AMZN,2026-09-29,2,247.1699981689453
2026-10-01,AMZN,2026-09-29,2,247.1699981689453
2026-10-01,AMZN,2026-09-29,2,247.1699981689453
2026-10-01,AMZN,2026-09-29,2,247.1699981689453
2026-10-01,AMZN,2026-09-29,2,247.1699981689453
2026-10-01,AMZN,2026-09-29,2,247.1699981689453
2026-10-01,AMZN,2026-09-29,2,247.1699981689453
2026-10-01,AMZN,2026-09-29,2,247.1699981689453
2026-10-01,AMZN,2026-09-29,2,247.1699981689453
2026-10-01,AMZN,2026-09-29,2,247.1699981689453
2026-10-01,AMZN,2026-09-29,2,247.1699981689453
2026-10-01,AMZN,2026-09-29,2,247.1699981689453
2026-10-01,AMZN,2026-09-29,2,247.1699981689453
2026-10-01,AMZN,2026-09-29,2,247.1699981689453
2026-10-01,AMZN,2026-09-29,2,247.1699981689453
2026-10-01,AMZN,2026-09-29,2,247.1699981689453
2026-10-01,AMZN,2026-09-29,2,247.1699981689453
2026-10-01,AMZN,2026-09-29,2,247.1699981689453
2026-10-01,AMZN,2026-09-29,2,247.1699981689453
2026-10-01,AMZN,2026-09-29,2,247.1699981689453
2026-10-01,AMZN,2026-09-29,2,247.1699981689453
2026-10-01,AMZN,2026-09-29,2,247.1699981689453
2026-10-01,AMZN,2026-09-29,2,247.1699981689453
2026-10-01,AMZN,2026-09-29,2,247.1699981689453
2026-10-01,AMZN,2026-09-29,2,247.1699981689453
2026-10-01,AMZN,2026-09-29,2,247.1699981689453
2026-10-01,AMZN,2026-09-29,2,247.1699981689453
2026-10-01,AMZN,2026-09-29,2,247.1699981689453
2026-10-01,AMZN,2026-09-29,2,247.1699981689453
2026-10-01,AMZN,2026-09-29,2,247.1699981689453
2026-10-01,AMZN,2026-09-29,2,247.1699981689453
2026-10-01,AMZN,2026-09-29,2,247.1699981689453
2026-10-01,AMZN,2026-09-29,2,247.1699981689453
2026-10-01,AMZN,2026-09-29,2,247.1699981689453
2026-09-25,AMZN,2026-09-30,-5,249.6699981689453
2026-09-25,AMZN,2026-09-30,-5,249.6699981689453
2026-09-25,AMZN,2026-09-30,-5,249.6699981689453
2026-09-25,AMZN,2026-09-30,-5,249.6699981689453
2026-09-25,AMZN,2026-09-30,-5,249.6699981689453
2026-09-25,AMZN,2026-09-30,-5,249.6699981689453
2026-09-25,AMZN,2026-09-30,-5,249.6699981689453
2026-09-25,AMZN,2026-09-30,-5,249.6699981689453
2026-09-25,AMZN,2026-09-30,-5,249.6699981689453
2026-09-25,AMZN,2026-09-30,-5,249.6699981689453
2026-09-25,AMZN,2026-09-30,-5,249.6699981689453
2026-09-25,AMZN,2026-09-30,-5,249.6699981689453
2026-09-25,AMZN,2026-09-30,-5,249.6699981689453
2026-09-25,AMZN,2026-09-30,-5,249.6699981689453
2026-09-25,AMZN,2026-09-30,-5,249.6699981689453
2026-09-25,AMZN,2026-09-30,-5,249.6699981689453
2026-09-25,AMZN,2026-09-30,-5,249.6699981689453
2026-09-25,AMZN,2026-09-30,-5,249.6699981689453
2026-09-25,AMZN,2026-09-30,-5,249.6699981689453
2026-09-25,AMZN,2026-09-30,-5,249.6699981689453
2026-09-25,AMZN,2026-09-30,-5,249.6699981689453
2026-09-25,AMZN,2026-09-30,-5,249.6699981689453
2026-09-25,AMZN,2026-09-30,-5,249.6699981689453
2026-09-25,AMZN,2026-09-30,-5,249.6699981689453
2026-09-25,AMZN,2026-09-30,-5,249.6699981689453
2026-09-25,AMZN,2026-09-30,-5,249.6699981689453
2026-09-25,AMZN,2026-09-30,-5,249.6699981689453
2026-09-25,AMZN,2026-09-30,-5,249.6699981689453
2026-09-25,AMZN,2026-09-30,-5,249.6699981689453
2026-09-25,AMZN,2026-09-30,-5,249.6699981689453
2026-09-25,AMZN,2026-09-30,-5,249.6699981689453
2026-09-25,AMZN,2026-09-30,-5,249.6699981689453
2026-09-25,AMZN,2026-09-30,-5,249.6699981689453
2026-09-25,AMZN,2026-09-30,-5,249.6699981689453
2026-09-25,AMZN,2026-09-30,-5,249.6699981689453
2026-09-25,AMZN,2026-09-30,-5,249.6699981689453
2026-09-25,AMZN,2026-09-30,-5,249.6699981689453
2026-09-25,AMZN,2026-09-30,-5,249.6699981689453
2026-09-25,AMZN,2026-09-30,-5,249.6699981689453
2026-09-25,AMZN,2026-09-30,-5,249.6699981689453
2026-09-25,AMZN,2026-09-30,-5,249.6699981689453
2026-09-25,AMZN,2026-09-30,-5,249.6699981689453
2026-09-25,AMZN,2026-09-30,-5,249.6699981689453
2026-09-25,AMZN,2026-09-30,-5,249.6699981689453
2026-09-25,AMZN,2026-09-30,-5,249.6699981689453
2026-09-25,AMZN,2026-09-30,-5,249.6699981689453
2026-09-25,AMZN,2026-09-30,-5,249.6699981689453
2026-09-25,AMZN,2026-09-30,-5,249.6699981689453
2026-09-25,AMZN,2026-09-30,-5,249.6699981689453
2026-09-25,AMZN,2026-09-30,-5,249.6699981689453
2026-09-25,AMZN,2026-09-30,-5,249.6699981689453
2026-09-25,AMZN,2026-09-30,-5,249.6699981689453
2026-09-28,AMZN,2026-09-30,-2,246.1499938964844
2026-09-28,AMZN,2026-09-30,-2,246.1499938964844
2026-09-28,AMZN,2026-09-30,-2,246.1499938964844
2026-09-28,AMZN,2026-09-30,-2,246.1499938964844
2026-09-28,AMZN,2026-09-30,-2,246.1499938964844
2026-09-28,AMZN,2026-09-30,-2,246.1499938964844
2026-09-28,AMZN,2026-09-30,-2,246.1499938964844
2026-09-28,AMZN,2026-09-30,-2,246.1499938964844
2026-09-28,AMZN,2026-09-30,-2,246.1499938964844
2026-09-28,AMZN,2026-09-30,-2,246.1499938964844
2026-09-28,AMZN,2026-09-30,-2,246.1499938964844
2026-09-28,AMZN,2026-09-30,-2,246.1499938964844
2026-09-28,AMZN,2026-09-30,-2,246.1499938964844
2026-09-28,AMZN,2026-09-30,-2,246.1499938964844
2026-09-28,AMZN,2026-09-30,-2,246.1499938964844
2026-09-28,AMZN,2026-09-30,-2,246.1499938964844
2026-09-28,AMZN,2026-09-30,-2,246.1499938964844
2026-09-28,AMZN,2026-09-30,-2,246.1499938964844
2026-09-28,AMZN,2026-09-30,-2,246.1499938964844
2026-09-28,AMZN,2026-09-30,-2,246.1499938964844
2026-09-28,AMZN,2026-09-30,-2,246.1499938964844
2026-09-28,AMZN,2026-09-30,-2,246.1499938964844
2026-09-28,AMZN,2026-09-30,-2,246.1499938964844
2026-09-28,AMZN,2026-09-30,-2,246.1499938964844
2026-09-28,AMZN,2026-09-30,-2,246.1499938964844
2026-09-28,AMZN,2026-09-30,-2,246.1499938964844
2026-09-28,AMZN,2026-09-30,-2,246.1499938964844
2026-09-28,AMZN,2026-09-30,-2,246.1499938964844
2026-09-28,AMZN,2026-09-30,-2,246.1499938964844
2026-09-28,AMZN,2026-09-30,-2,246.1499938964844
2026-09-28,AMZN,2026-09-30,-2,246.1499938964844
2026-09-28,AMZN,2026-09-30,-2,246.1499938964844
2026-09-28,AMZN,2026-09-30,-2,246.1499938964844
2026-09-28,AMZN,2026-09-30,-2,246.1499938964844
2026-09-28,AMZN,2026-09-30,-2,246.1499938964844
2026-09-28,AMZN,2026-09-30,-2,246.1499938964844
2026-09-28,AMZN,2026-09-30,-2,246.1499938964844
2026-09-28,AMZN,2026-09-30,-2,246.1499938964844
2026-09-28,AMZN,2026-09-30,-2,246.1499938964844
2026-09-28,AMZN,2026-09-30,-2,246.1499938964844
2026-09-28,AMZN,2026-09-30,-2,246.1499938964844
2026-09-28,AMZN,2026-09-30,-2,246.1499938964844
2026-09-28,AMZN,2026-09-30,-2,246.1499938964844
2026-09-28,AMZN,2026-09-30,-2,246.1499938964844
2026-09-28,AMZN,2026-09-30,-2,246.1499938964844
2026-09-28,AMZN,2026-09-30,-2,246.1499938964844
2026-09-28,AMZN,2026-09-30,-2,246.1499938964844
2026-09-28,AMZN,2026-09-30,-2,246.1499938964844
2026-09-28,AMZN,2026-09-30,-2,246.1499938964844
2026-09-28,AMZN,2026-09-30,-2,246.1499938964844
2026-09-28,AMZN,2026-09-30,-2,246.1499938964844
2026-09-28,AMZN,2026-09-30,-2,246.1499938964844
2026-09-29,AMZN,2026-09-30,-1,246.6699981689453
2026-09-29,AMZN,2026-09-30,-1,246.6699981689453
2026-09-29,AMZN,2026-09-30,-1,246.6699981689453
2026-09-29,AMZN,2026-09-30,-1,246.6699981689453
2026-09-29,AMZN,2026-09-30,-1,246.6699981689453
2026-09-29,AMZN,2026-09-30,-1,246.6699981689453
2026-09-29,AMZN,2026-09-30,-1,246.6699981689453
2026-09-29,AMZN,2026-09-30,-1,246.6699981689453
2026-09-29,AMZN,2026-09-30,-1,246.6699981689453
2026-09-29,AMZN,2026-09-30,-1,246.6699981689453
2026-09-29,AMZN,2026-09-30,-1,246.6699981689453
2026-09-29,AMZN,2026-09-30,-1,246.6699981689453
2026-09-29,AMZN,2026-09-30,-1,246.6699981689453
2026-09-29,AMZN,2026-09-30,-1,246.6699981689453
2026-09-29,AMZN,2026-09-30,-1,246.6699981689453
2026-09-29,AMZN,2026-09-30,-1,246.6699981689453
2026-09-29,AMZN,2026-09-30,-1,246.6699981689453
2026-09-29,AMZN,2026-09-30,-1,246.6699981689453
2026-09-29,AMZN,2026-09-30,-1,246.6699981689453
2026-09-29,AMZN,2026-09-30,-1,246.6699981689453
2026-09-29,AMZN,2026-09-30,-1,246.6699981689453
2026-09-29,AMZN,2026-09-30,-1,246.6699981689453
2026-09-29,AMZN,2026-09-30,-1,246.6699981689453
2026-09-29,AMZN,2026-09-30,-1,246.6699981689453
2026-09-29,AMZN,2026-09-30,-1,246.6699981689453
2026-09-29,AMZN,2026-09-30,-1,246.6699981689453
2026-09-29,AMZN,2026-09-30,-1,246.6699981689453
2026-09-29,AMZN,2026-09-30,-1,246.6699981689453
2026-09-29,AMZN,2026-09-30,-1,246.6699981689453
2026-09-29,AMZN,2026-09-30,-1,246.6699981689453
2026-09-29,AMZN,2026-09-30,-1,246.6699981689453
2026-09-29,AMZN,2026-09-30,-1,246.6699981689453
2026-09-29,AMZN,2026-09-30,-1,246.6699981689453
2026-09-29,AMZN,2026-09-30,-1,246.6699981689453
2026-09-29,AMZN,2026-09-30,-1,246.6699981689453
2026-09-29,AMZN,2026-09-30,-1,246.6699981689453
2026-09-29,AMZN,2026-09-30,-1,246.6699981689453
2026-09-29,AMZN,2026-09-30,-1,246.6699981689453
2026-09-29,AMZN,2026-09-30,-1,246.6699981689453
2026-09-29,AMZN,2026-09-30,-1,246.6699981689453
2026-09-29,AMZN,2026-09-30,-1,246.6699981689453
2026-09-29,AMZN,2026-09-30,-1,246.6699981689453
2026-09-29,AMZN,2026-09-30,-1,246.6699981689453
2026-09-29,AMZN,2026-09-30,-1,246.6699981689453
2026-09-29,AMZN,2026-09-30,-1,246.6699981689453
2026-09-29,AMZN,2026-09-30,-1,246.6699981689453
2026-09-29,AMZN,2026-09-30,-1,246.6699981689453
2026-09-29,AMZN,2026-09-30,-1,246.6699981689453
2026-09-29,AMZN,2026-09-30,-1,246.6699981689453
2026-09-29,AMZN,2026-09-30,-1,246.6699981689453
2026-09-29,AMZN,2026-09-30,-1,246.6699981689453
2026-09-29,AMZN,2026-09-30,-1,246.6699981689453
2026-09-30,AMZN,2026-09-30,0,249.1499938964844
2026-09-30,AMZN,2026-09-30,0,249.1499938964844
2026-09-30,AMZN,2026-09-30,0,249.1499938964844
2026-09-30,AMZN,2026-09-30,0,249.1499938964844
2026-09-30,AMZN,2026-09-30,0,249.1499938964844
2026-09-30,AMZN,2026-09-30,0,249.1499938964844
2026-09-30,AMZN,2026-09-30,0,249.1499938964844
2026-09-30,AMZN,2026-09-30,0,249.1499938964844
2026-09-30,AMZN,2026-09-30,0,249.1499938964844
2026-09-30,AMZN,2026-09-30,0,249.1499938964844
2026-09-30,AMZN,2026-09-30,0,249.1499938964844
2026-09-30,AMZN,2026-09-30,0,249.1499938964844
2026-09-30,AMZN,2026-09-30,0,249.1499938964844
2026-09-30,AMZN,2026-09-30,0,249.1499938964844
2026-09-30,AMZN,2026-09-30,0,249.1499938964844
2026-09-30,AMZN,2026-09-30,0,249.1499938964844
2026-09-30,AMZN,2026-09-30,0,249.1499938964844
2026-09-30,AMZN,2026-09-30,0,249.1499938964844
2026-09-30,AMZN,2026-09-30,0,249.1499938964844
2026-09-30,AMZN,2026-09-30,0,249.1499938964844
2026-09-30,AMZN,2026-09-30,0,249.1499938964844
2026-09-30,AMZN,2026-09-30,0,249.1499938964844
2026-09-30,AMZN,2026-09-30,0,249.1499938964844
2026-09-30,AMZN,2026-09-30,0,249.1499938964844
2026-09-30,AMZN,2026-09-30,0,249.1499938964844
2026-09-30,AMZN,2026-09-30,0,249.1499938964844
2026-09-30,AMZN,2026-09-30,0,249.1499938964844
2026-09-30,AMZN,2026-09-30,0,249.1499938964844
2026-09-30,AMZN,2026-09-30,0,249.1499938964844
2026-09-30,AMZN,2026-09-30,0,249.1499938964844
2026-09-30,AMZN,2026-09-30,0,249.1499938964844
2026-09-30,AMZN,2026-09-30,0,249.1499938964844
2026-09-30,AMZN,2026-09-30,0,249.1499938964844
2026-09-30,AMZN,2026-09-30,0,249.1499938964844
2026-09-30,AMZN,2026-09-30,0,249.1499938964844
2026-09-30,AMZN,2026-09-30,0,249.1499938964844
2026-09-30,AMZN,2026-09-30,0,249.1499938964844
2026-09-30,AMZN,2026-09-30,0,249.1499938964844
2026-09-30,AMZN,2026-09-30,0,249.1499938964844
2026-09-30,AMZN,2026-09-30,0,249.1499938964844
2026-09-30,AMZN,2026-09-30,0,249.1499938964844
2026-09-30,AMZN,2026-09-30,0,249.1499938964844
2026-09-30,AMZN,2026-09-30,0,249.1499938964844
2026-09-30,AMZN,2026-09-30,0,249.1499938964844
2026-09-30,AMZN,2026-09-30,0,249.1499938964844
2026-09-30,AMZN,2026-09-30,0,249.1499938964844
2026-09-30,AMZN,2026-09-30,0,249.1499938964844
2026-09-30,AMZN,2026-09-30,0,249.1499938964844
2026-09-30,AMZN,2026-09-30,0,249.1499938964844
2026-09-30,AMZN,2026-09-30,0,249.1499938964844
2026-09-30,AMZN,2026-09-30,0,249.1499938964844
2026-09-30,AMZN,2026-09-30,0,249.1499938964844
2026-10-01,AMZN,2026-09-30,1,247.1699981689453
2026-10-01,AMZN,2026-09-30,1,247.1699981689453
2026-10-01,AMZN,2026-09-30,1,247.1699981689453
2026-10-01,AMZN,2026-09-30,1,247.1699981689453
2026-10-01,AMZN,2026-09-30,1,247.1699981689453
2026-10-01,AMZN,2026-09-30,1,247.1699981689453
2026-10-01,AMZN,2026-09-30,1,247.1699981689453
2026-10-01,AMZN,2026-09-30,1,247.1699981689453
2026-10-01,AMZN,2026-09-30,1,247.1699981689453
2026-10-01,AMZN,2026-09-30,1,247.1699981689453
2026-10-01,AMZN,2026-09-30,1,247.1699981689453
2026-10-01,AMZN,2026-09-30,1,247.1699981689453
2026-10-01,AMZN,2026-09-30,1,247.1699981689453
2026-10-01,AMZN,2026-09-30,1,247.1699981689453
2026-10-01,AMZN,2026-09-30,1,247.1699981689453
2026-10-01,AMZN,2026-09-30,1,247.1699981689453
2026-10-01,AMZN,2026-09-30,1,247.1699981689453
2026-10-01,AMZN,2026-09-30,1,247.1699981689453
2026-10-01,AMZN,2026-09-30,1,247.1699981689453
2026-10-01,AMZN,2026-09-30,1,247.1699981689453
2026-10-01,AMZN,2026-09-30,1,247.1699981689453
2026-10-01,AMZN,2026-09-30,1,247.1699981689453
2026-10-01,AMZN,2026-09-30,1,247.1699981689453
2026-10-01,AMZN,2026-09-30,1,247.1699981689453
2026-10-01,AMZN,2026-09-30,1,247.1699981689453
2026-10-01,AMZN,2026-09-30,1,247.1699981689453
2026-10-01,AMZN,2026-09-30,1,247.1699981689453
2026-10-01,AMZN,2026-09-30,1,247.1699981689453
2026-10-01,AMZN,2026-09-30,1,247.1699981689453
2026-10-01,AMZN,2026-09-30,1,247.1699981689453
2026-10-01,AMZN,2026-09-30,1,247.1699981689453
2026-10-01,AMZN,2026-09-30,1,247.1699981689453
2026-10-01,AMZN,2026-09-30,1,247.1699981689453
2026-10-01,AMZN,2026-09-30,1,247.1699981689453
2026-10-01,AMZN,2026-09-30,1,247.1699981689453
2026-10-01,AMZN,2026-09-30,1,247.1699981689453
2026-10-01,AMZN,2026-09-30,1,247.1699981689453
2026-10-01,AMZN,2026-09-30,1,247.1699981689453
2026-10-01,AMZN,2026-09-30,1,247.1699981689453
2026-10-01,AMZN,2026-09-30,1,247.1699981689453
2026-10-01,AMZN,2026-09-30,1,247.1699981689453
2026-10-01,AMZN,2026-09-30,1,247.1699981689453
2026-10-01,AMZN,2026-09-30,1,247.1699981689453
2026-10-01,AMZN,2026-09-30,1,247.1699981689453
2026-10-01,AMZN,2026-09-30,1,247.1699981689453
2026-10-01,AMZN,2026-09-30,1,247.1699981689453
2026-10-01,AMZN,2026-09-30,1,247.1699981689453
2026-10-01,AMZN,2026-09-30,1,247.1699981689453
2026-10-01,AMZN,2026-09-30,1,247.1699981689453
2026-10-01,AMZN,2026-09-30,1,247.1699981689453
2026-10-01,AMZN,2026-09-30,1,247.1699981689453
2026-10-01,AMZN,2026-09-30,1,247.1699981689453
2026-09-28,AMZN,2026-10-01,-3,246.1499938964844
2026-09-28,AMZN,2026-10-01,-3,246.1499938964844
2026-09-28,AMZN,2026-10-01,-3,246.1499938964844
2026-09-28,AMZN,2026-10-01,-3,246.1499938964844
2026-09-28,AMZN,2026-10-01,-3,246.1499938964844
2026-09-28,AMZN,2026-10-01,-3,246.1499938964844
2026-09-28,AMZN,2026-10-01,-3,246.1499938964844
2026-09-28,AMZN,2026-10-01,-3,246.1499938964844
2026-09-28,AMZN,2026-10-01,-3,246.1499938964844
2026-09-28,AMZN,2026-10-01,-3,246.1499938964844
2026-09-28,AMZN,2026-10-01,-3,246.1499938964844
2026-09-28,AMZN,2026-10-01,-3,246.1499938964844
2026-09-28,AMZN,2026-10-01,-3,246.1499938964844
2026-09-28,AMZN,2026-10-01,-3,246.1499938964844
2026-09-28,AMZN,2026-10-01,-3,246.1499938964844
2026-09-28,AMZN,2026-10-01,-3,246.1499938964844
2026-09-28,AMZN,2026-10-01,-3,246.1499938964844
2026-09-28,AMZN,2026-10-01,-3,246.1499938964844
2026-09-28,AMZN,2026-10-01,-3,246.1499938964844
2026-09-28,AMZN,2026-10-01,-3,246.1499938964844
2026-09-28,AMZN,2026-10-01,-3,246.1499938964844
2026-09-28,AMZN,2026-10-01,-3,246.1499938964844
2026-09-28,AMZN,2026-10-01,-3,246.1499938964844
2026-09-28,AMZN,2026-10-01,-3,246.1499938964844
2026-09-28,AMZN,2026-10-01,-3,246.1499938964844
2026-09-28,AMZN,2026-10-01,-3,246.1499938964844
2026-09-28,AMZN,2026-10-01,-3,246.1499938964844
2026-09-28,AMZN,2026-10-01,-3,246.1499938964844
2026-09-28,AMZN,2026-10-01,-3,246.1499938964844
2026-09-28,AMZN,2026-10-01,-3,246.1499938964844
2026-09-28,AMZN,2026-10-01,-3,246.1499938964844
2026-09-28,AMZN,2026-10-01,-3,246.1499938964844
2026-09-28,AMZN,2026-10-01,-3,246.1499938964844
2026-09-28,AMZN,2026-10-01,-3,246.1499938964844
2026-09-28,AMZN,2026-10-01,-3,246.1499938964844
2026-09-28,AMZN,2026-10-01,-3,246.1499938964844
2026-09-28,AMZN,2026-10-01,-3,246.1499938964844
2026-09-28,AMZN,2026-10-01,-3,246.1499938964844
2026-09-28,AMZN,2026-10-01,-3,246.1499938964844
2026-09-28,AMZN,2026-10-01,-3,246.1499938964844
2026-09-29,AMZN,2026-10-01,-2,246.6699981689453
2026-09-29,AMZN,2026-10-01,-2,246.6699981689453
2026-09-29,AMZN,2026-10-01,-2,246.6699981689453
2026-09-29,AMZN,2026-10-01,-2,246.6699981689453
2026-09-29,AMZN,2026-10-01,-2,246.6699981689453
2026-09-29,AMZN,2026-10-01,-2,246.6699981689453
2026-09-29,AMZN,2026-10-01,-2,246.6699981689453
2026-09-29,AMZN,2026-10-01,-2,246.6699981689453
2026-09-29,AMZN,2026-10-01,-2,246.6699981689453
2026-09-29,AMZN,2026-10-01,-2,246.6699981689453
2026-09-29,AMZN,2026-10-01,-2,246.6699981689453
2026-09-29,AMZN,2026-10-01,-2,246.6699981689453
2026-09-29,AMZN,2026-10-01,-2,246.6699981689453
2026-09-29,AMZN,2026-10-01,-2,246.6699981689453
2026-09-29,AMZN,2026-10-01,-2,246.6699981689453
2026-09-29,AMZN,2026-10-01,-2,246.6699981689453
2026-09-29,AMZN,2026-10-01,-2,246.6699981689453
2026-09-29,AMZN,2026-10-01,-2,246.6699981689453
2026-09-29,AMZN,2026-10-01,-2,246.6699981689453
2026-09-29,AMZN,2026-10-01,-2,246.6699981689453
2026-09-29,AMZN,2026-10-01,-2,246.6699981689453
2026-09-29,AMZN,2026-10-01,-2,246.6699981689453
2026-09-29,AMZN,2026-10-01,-2,246.6699981689453
2026-09-29,AMZN,2026-10-01,-2,246.6699981689453
2026-09-29,AMZN,2026-10-01,-2,246.6699981689453
2026-09-29,AMZN,2026-10-01,-2,246.6699981689453
2026-09-29,AMZN,2026-10-01,-2,246.6699981689453
2026-09-29,AMZN,2026-10-01,-2,246.6699981689453
2026-09-29,AMZN,2026-10-01,-2,246.6699981689453
2026-09-29,AMZN,2026-10-01,-2,246.6699981689453
2026-09-29,AMZN,2026-10-01,-2,246.6699981689453
2026-09-29,AMZN,2026-10-01,-2,246.6699981689453
2026-09-29,AMZN,2026-10-01,-2,246.6699981689453
2026-09-29,AMZN,2026-10-01,-2,246.6699981689453
2026-09-29,AMZN,2026-10-01,-2,246.6699981689453
2026-09-29,AMZN,2026-10-01,-2,246.6699981689453
2026-09-29,AMZN,2026-10-01,-2,246.6699981689453
2026-09-29,AMZN,2026-10-01,-2,246.6699981689453
2026-09-29,AMZN,2026-10-01,-2,246.6699981689453
2026-09-29,AMZN,2026-10-01,-2,246.6699981689453
2026-09-30,AMZN,2026-10-01,-1,249.1499938964844
2026-09-30,AMZN,2026-10-01,-1,249.1499938964844
2026-09-30,AMZN,2026-10-01,-1,249.1499938964844
2026-09-30,AMZN,2026-10-01,-1,249.1499938964844
2026-09-30,AMZN,2026-10-01,-1,249.1499938964844
2026-09-30,AMZN,2026-10-01,-1,249.1499938964844
2026-09-30,AMZN,2026-10-01,-1,249.1499938964844
2026-09-30,AMZN,2026-10-01,-1,249.1499938964844
2026-09-30,AMZN,2026-10-01,-1,249.1499938964844
2026-09-30,AMZN,2026-10-01,-1,249.1499938964844
2026-09-30,AMZN,2026-10-01,-1,249.1499938964844
2026-09-30,AMZN,2026-10-01,-1,249.1499938964844
2026-09-30,AMZN,2026-10-01,-1,249.1499938964844
2026-09-30,AMZN,2026-10-01,-1,249.1499938964844
2026-09-30,AMZN,2026-10-01,-1,249.1499938964844
2026-09-30,AMZN,2026-10-01,-1,249.1499938964844
2026-09-30,AMZN,2026-10-01,-1,249.1499938964844
2026-09-30,AMZN,2026-10-01,-1,249.1499938964844
2026-09-30,AMZN,2026-10-01,-1,249.1499938964844
2026-09-30,AMZN,2026-10-01,-1,249.1499938964844
2026-09-30,AMZN,2026-10-01,-1,249.1499938964844
2026-09-30,AMZN,2026-10-01,-1,249.1499938964844
2026-09-30,AMZN,2026-10-01,-1,249.1499938964844
2026-09-30,AMZN,2026-10-01,-1,249.1499938964844
2026-09-30,AMZN,2026-10-01,-1,249.1499938964844
2026-09-30,AMZN,2026-10-01,-1,249.1499938964844
2026-09-30,AMZN,2026-10-01,-1,249.1499938964844
2026-09-30,AMZN,2026-10-01,-1,249.1499938964844
2026-09-30,AMZN,2026-10-01,-1,249.1499938964844
2026-09-30,AMZN,2026-10-01,-1,249.1499938964844
2026-09-30,AMZN,2026-10-01,-1,249.1499938964844
2026-09-30,AMZN,2026-10-01,-1,249.1499938964844
2026-09-30,AMZN,2026-10-01,-1,249.1499938964844
2026-09-30,AMZN,2026-10-01,-1,249.1499938964844
2026-09-30,AMZN,2026-10-01,-1,249.1499938964844
2026-09-30,AMZN,2026-10-01,-1,249.1499938964844
2026-09-30,AMZN,2026-10-01,-1,249.1499938964844
2026-09-30,AMZN,2026-10-01,-1,249.1499938964844
2026-09-30,AMZN,2026-10-01,-1,249.1499938964844
2026-09-30,AMZN,2026-10-01,-1,249.1499938964844
2026-10-01,AMZN,2026-10-01,0,247.1699981689453
2026-10-01,AMZN,2026-10-01,0,247.1699981689453
2026-10-01,AMZN,2026-10-01,0,247.1699981689453
2026-10-01,AMZN,2026-10-01,0,247.1699981689453
2026-10-01,AMZN,2026-10-01,0,247.1699981689453
2026-10-01,AMZN,2026-10-01,0,247.1699981689453
2026-10-01,AMZN,2026-10-01,0,247.1699981689453
2026-10-01,AMZN,2026-10-01,0,247.1699981689453
2026-10-01,AMZN,2026-10-01,0,247.1699981689453
2026-10-01,AMZN,2026-10-01,0,247.1699981689453
2026-10-01,AMZN,2026-10-01,0,247.1699981689453
2026-10-01,AMZN,2026-10-01,0,247.1699981689453
2026-10-01,AMZN,2026-10-01,0,247.1699981689453
2026-10-01,AMZN,2026-10-01,0,247.1699981689453
2026-10-01,AMZN,2026-10-01,0,247.1699981689453
2026-10-01,AMZN,2026-10-01,0,247.1699981689453
2026-10-01,AMZN,2026-10-01,0,247.1699981689453
2026-10-01,AMZN,2026-10-01,0,247.1699981689453
2026-10-01,AMZN,2026-10-01,0,247.1699981689453
2026-10-01,AMZN,2026-10-01,0,247.1699981689453
2026-10-01,AMZN,2026-10-01,0,247.1699981689453
2026-10-01,AMZN,2026-10-01,0,247.1699981689453
2026-10-01,AMZN,2026-10-01,0,247.1699981689453
2026-10-01,AMZN,2026-10-01,0,247.1699981689453
2026-10-01,AMZN,2026-10-01,0,247.1699981689453
2026-10-01,AMZN,2026-10-01,0,247.1699981689453
2026-10-01,AMZN,2026-10-01,0,247.1699981689453
2026-10-01,AMZN,2026-10-01,0,247.1699981689453
2026-10-01,AMZN,2026-10-01,0,247.1699981689453
2026-10-01,AMZN,2026-10-01,0,247.1699981689453
2026-10-01,AMZN,2026-10-01,0,247.1699981689453
2026-10-01,AMZN,2026-10-01,0,247.1699981689453
2026-10-01,AMZN,2026-10-01,0,247.1699981689453
2026-10-01,AMZN,2026-10-01,0,247.1699981689453
2026-10-01,AMZN,2026-10-01,0,247.1699981689453
2026-10-01,AMZN,2026-10-01,0,247.1699981689453
2026-10-01,AMZN,2026-10-01,0,247.1699981689453
2026-10-01,AMZN,2026-10-01,0,247.1699981689453
2026-10-01,AMZN,2026-10-01,0,247.1699981689453
2026-10-01,AMZN,2026-10-01,0,247.1699981689453
2026-09-28,MSFT,2026-10-01,-3,509.2200012207031
2026-09-29,MSFT,2026-10-01,-2,508.9599914550781
2026-09-30,MSFT,2026-10-01,-1,512.9000244140625
2026-10-01,MSFT,2026-10-01,0,514.0599975585938
