Date,AAPL,AMZN,GOOGL,MSFT,TSLA
2024-07-17,226.71884155273438,187.92999267578125,179.6348876953125,436.6575927734375,248.5
2024-07-18,222.06320190429688,183.75,176.3303680419922,433.55633544921875,249.22999572753906
2024-07-19,222.19198608398438,183.1300048828125,176.30059814453125,430.3467712402344,239.1999969482422
2024-07-22,221.84532165527344,182.5500030517578,180.2799072265625,436.0865783691406,251.50999450683594
2024-07-23,222.8853759765625,186.41000366210938,180.39898681640625,437.96697998046875,246.3800048828125
2024-07-24,216.4764404296875,180.8300018310547,171.30909729003906,422.2637939453125,215.99000549316406
2024-07-25,215.4364013671875,179.85000610351562,166.00003051757812,411.92626953125,220.25
2024-07-26,215.90194702148438,182.5,165.72216796875,418.6899719238281,219.8000030517578
2024-07-29,216.17930603027344,183.1999969482422,168.23281860351562,420.1274108886719,232.10000610351562
2024-07-30,216.73403930664062,181.7100067138672,168.9869842529297,416.3763427734375,222.6199951171875
2024-07-31,219.9830322265625,186.97999572753906,170.22743225097656,411.87701416015625,232.07000732421875
2024-08-01,216.29815673828125,184.07000732421875,169.45338439941406,410.65618896484375,216.86000061035156
2024-08-02,217.78399658203125,167.89999389648438,165.38479614257812,402.16961669921875,207.6699981689453
2024-08-05,207.29400634765625,161.02000427246094,158.031494140625,389.03594970703125,198.8800048828125
2024-08-06,205.27325439453125,161.92999267578125,157.07879638671875,393.42694091796875,200.63999938964844
2024-08-07,207.83880615234375,162.77000427246094,157.72386169433594,392.2652282714844,191.75999450683594
2024-08-08,211.2958526611328,165.8000030517578,160.79019165039062,396.4593505859375,198.83999633789062
2024-08-09,214.1981964111328,166.94000244140625,162.4176483154297,399.7378234863281,200.0
2024-08-12,215.7254180908203,166.8000030517578,161.04820251464844,400.515625,197.49000549316406
2024-08-13,219.43438720703125,170.22999572753906,162.9038848876953,407.604248046875,207.8300018310547
2024-08-14,219.88064575195312,170.10000610351562,159.1428985595703,410.4100341796875,201.3800048828125
2024-08-15,222.85577392578125,177.58999633789062,160.0657958984375,415.2626953125,214.13999938964844
2024-08-16,224.1747283935547,177.05999755859375,161.7130889892578,412.7377624511719,216.1199951171875
2024-08-19,224.01605224609375,178.22000122070312,165.39468383789062,415.755859375,222.72000122070312
2024-08-20,224.6309051513672,178.8800048828125,165.9008026123047,418.9810791015625,221.10000610351562
2024-08-21,224.5218048095703,180.11000061035156,164.58096313476562,418.33013916015625,223.27000427246094
2024-08-22,222.66734313964844,176.1300048828125,162.54664611816406,409.8577575683594,210.66000366210938
2024-08-23,224.9581756591797,177.0399932861328,164.35272216796875,411.0807800292969,220.32000732421875
2024-08-26,225.29534912109375,175.5,164.8885955810547,407.82598876953125,213.2100067138672
2024-08-27,226.13829040527344,173.1199951171875,163.41993713378906,408.17120361328125,209.2100067138672
2024-08-28,224.611083984375,170.8000030517578,161.6039276123047,404.9755859375,205.75
2024-08-29,227.88368225097656,172.1199951171875,160.5421142578125,407.4610595703125,206.27999877929688
2024-08-30,227.1002655029297,178.5,162.12989807128906,411.426025390625,214.11000061035156
2024-09-03,220.92193603515625,176.25,156.15597534179688,403.8314514160156,210.60000610351562
2024-09-04,219.0178680419922,173.3300018310547,155.2528839111328,403.2988586425781,219.41000366210938
2024-09-05,220.53518676757812,177.88999938964844,156.03684997558594,402.7958679199219,230.1699981689453
2024-09-06,218.98812866210938,171.38999938964844,149.7652130126953,396.197509765625,210.72999572753906
2024-09-09,219.077392578125,175.39999389648438,147.76795959472656,400.16241455078125,216.27000427246094
2024-09-10,218.2840118408203,179.5500030517578,147.71826171875,408.52630615234375,226.1699981689453
2024-09-11,220.8128662109375,184.52000427246094,150.2024383544922,417.24517822265625,228.1300048828125
2024-09-12,220.92193603515625,187.0,153.71005249023438,421.1509094238281,229.80999755859375
2024-09-13,220.6541748046875,186.49000549316406,156.46250915527344,424.6916809082031,230.2899932861328
2024-09-16,214.5254669189453,184.88999938964844,157.0587158203125,425.4315185546875,226.77999877929688
2024-09-17,214.99154663085938,186.8800048828125,158.31076049804688,429.18927001953125,227.8699951171875
2024-09-18,218.8591766357422,186.42999267578125,158.79762268066406,424.9087219238281,227.1999969482422
2024-09-19,226.9713134765625,189.8699951171875,161.1128692626953,432.6807861328125,243.9199981689453
2024-09-20,226.30690002441406,191.60000610351562,162.55369567871094,429.3075866699219,238.25
2024-09-23,224.59124755859375,193.8800048828125,160.82472229003906,427.5717468261719,250.0
2024-09-24,225.48377990722656,193.9600067138672,161.26190185546875,423.2912292480469,254.27000427246094
2024-09-25,224.4920654296875,192.52999877929688,160.4669952392578,426.19091796875,257.0199890136719
2024-09-26,225.63255310058594,191.16000366210938,161.69911193847656,425.4018249511719,254.22000122070312
2024-09-27,225.90029907226562,187.97000122070312,162.91140747070312,422.15692138671875,260.4599914550781
2024-09-30,231.06707763671875,186.3300018310547,164.7993621826172,424.40570068359375,261.6300048828125
2024-10-01,224.3334197998047,185.1300048828125,165.93214416503906,414.9273681640625,258.0199890136719
2024-10-02,224.89865112304688,184.75999450683594,164.8092803955078,411.4161071777344,249.02000427246094
2024-10-03,223.79786682128906,181.9600067138672,164.8092803955078,410.8341979980469,240.66000366210938
2024-10-04,224.9185333251953,186.50999450683594,166.001708984375,410.36077880859375,250.0800018310547
2024-10-07,219.8509063720703,180.8000030517578,161.94754028320312,403.93011474609375,240.8300018310547
2024-10-08,223.8970489501953,182.72000122070312,163.3386688232422,409.0292663574219,244.5
2024-10-09,227.63575744628906,185.1699981689453,160.8346405029297,411.7416076660156,241.0500030517578
2024-10-10,227.1399383544922,186.64999389648438,161.05323791503906,410.1437683105469,238.77000427246094
2024-10-11,225.66229248046875,188.82000732421875,162.20591735839844,410.6172790527344,217.8000030517578
2024-10-14,229.3811798095703,187.5399932861328,163.91500854492188,413.3985595703125,219.16000366210938
2024-10-15,231.91000366210938,187.69000244140625,164.41183471679688,413.0040283203125,219.57000732421875
2024-10-16,229.857177734375,186.88999938964844,164.11373901367188,410.4199523925781,221.3300018310547
2024-10-17,230.22413635253906,187.52999877929688,161.89784240722656,411.0117492675781,220.88999938964844
2024-10-18,233.0504913330078,188.99000549316406,162.384765625,412.4320373535156,220.6999969482422
2024-10-21,234.51820373535156,189.07000732421875,163.03065490722656,413.0434875488281,218.85000610351562
2024-10-22,233.90333557128906,189.6999969482422,164.09384155273438,421.65399169921875,217.97000122070312
2024-10-23,228.8456573486328,184.7100067138672,161.74880981445312,418.7838134765625,213.64999389648438
2024-10-24,228.65724182128906,186.3800048828125,161.689208984375,418.9120178222656,260.4800109863281
2024-10-25,229.49026489257812,187.8300018310547,164.2230224609375,422.28515625,269.19000244140625
2024-10-28,231.46376037597656,188.38999938964844,165.66384887695312,420.7465515136719,262.510009765625
2024-10-29,231.73150634765625,190.8300018310547,168.60508728027344,426.0331115722656,259.5199890136719
2024-10-30,228.19113159179688,192.72999572753906,173.35482788085938,426.6051940917969,257.54998779296875
2024-10-31,224.03590393066406,186.39999389648438,170.02603149414062,400.7838134765625,249.85000610351562
2024-11-01,221.06077575683594,197.92999267578125,170.2049102783203,404.7487487792969,248.97999572753906
2024-11-04,220.1682586669922,195.77999877929688,168.1678924560547,402.8648681640625,242.83999633789062
2024-11-05,221.59629821777344,199.5,168.66473388671875,405.8237609863281,251.44000244140625
2024-11-06,220.8723602294922,207.08999633789062,175.39183044433594,414.42437744140625,288.5299987792969
2024-11-07,225.5928497314453,210.0500030517578,179.60496520996094,419.6024475097656,296.9100036621094
2024-11-08,225.3248291015625,208.17999267578125,177.2201690673828,416.75201416015625,321.2200012207031
2024-11-11,222.61447143554688,206.83999633789062,179.20751953125,412.2840881347656,350.0
2024-11-12,222.61447143554688,208.91000366210938,180.46945190429688,417.2353210449219,328.489990234375
2024-11-13,223.49807739257812,214.10000610351562,177.74681091308594,419.3755798339844,330.239990234375
2024-11-14,226.5757598876953,211.47999572753906,174.46771240234375,421.0424499511719,311.17999267578125
2024-11-15,223.3789520263672,202.61000061035156,171.39730834960938,409.3153076171875,320.7200012207031
2024-11-18,226.37716674804688,201.6999969482422,174.1894989013672,410.0649108886719,338.739990234375
2024-11-19,226.6352996826172,204.61000061035156,176.99163818359375,412.0671081542969,346.0
2024-11-20,227.35011291503906,202.8800048828125,174.8651885986328,409.7985534667969,342.0299987792969
2024-11-21,226.8735809326172,198.3800048828125,166.56808471679688,408.0295715332031,339.6400146484375
2024-11-22,228.21385192871094,197.1199951171875,163.7162628173828,412.11114501953125,352.55999755859375
2024-11-25,231.1922149658203,201.4499969482422,166.58795166015625,413.8801574707031,338.5899963378906
2024-11-26,233.366455078125,207.86000061035156,168.04864501953125,422.9722595214844,338.2300109863281
2024-11-27,233.2373809814453,205.74000549316406,168.1579132080078,418.03094482421875,332.8900146484375
2024-11-29,235.62010192871094,207.88999938964844,167.87969970703125,418.4953918457031,345.1600036621094
2024-12-02,237.86378479003906,210.7100067138672,170.40362548828125,425.92724609375,357.0899963378906
2024-12-03,240.90174865722656,213.44000244140625,170.25457763671875,426.1446838378906,351.4200134277344
2024-12-04,241.2591552734375,218.16000366210938,173.265380859375,432.291748046875,357.92999267578125
2024-12-05,241.28895568847656,220.5500030517578,171.5463409423828,437.4307861328125,369.489990234375
2024-12-06,241.0904083251953,227.02999877929688,173.6032257080078,438.36968994140625,389.2200012207031
2024-12-09,244.9722442626953,226.08999633789062,174.45875549316406,440.7909240722656,389.7900085449219
2024-12-10,245.98487854003906,225.0399932861328,184.20782470703125,438.1324462890625,400.989990234375
2024-12-11,244.714111328125,230.25999450683594,194.3846893310547,443.7261047363281,424.7699890136719
2024-12-12,246.17355346679688,228.97000122070312,190.96255493164062,444.2894287109375,418.1000061035156
2024-12-13,246.34230041503906,227.4600067138672,188.83370971679688,442.0262451171875,436.2300109863281
2024-12-16,249.23130798339844,232.92999267578125,195.63812255859375,446.295654296875,463.0199890136719
2024-12-17,251.65371704101562,231.14999389648438,194.4045867919922,449.1319580078125,479.8599853515625
2024-12-18,246.26287841796875,220.52000427246094,187.4210662841797,432.2621154785156,440.1300048828125
2024-12-19,247.9903106689453,223.2899932861328,187.5304718017578,431.90631103515625,436.1700134277344
2024-12-20,252.65647888183594,224.9199981689453,190.4154510498047,431.4813537597656,421.05999755859375
2024-12-23,253.43084716796875,225.05999755859375,193.6186981201172,430.1472473144531,430.6000061035156
2024-12-24,256.3397216796875,229.0500030517578,195.0909881591797,434.1793212890625,462.2799987792969
2024-12-26,257.15380859375,227.0500030517578,194.5836639404297,432.9736633300781,454.1300048828125
2024-12-27,253.74855041503906,223.75,191.75839233398438,425.4825439453125,431.6600036621094
2024-12-30,250.38294982910156,221.3000030517578,190.24630737304688,419.849365234375,417.4100036621094
2024-12-31,248.61578369140625,219.38999938964844,188.31639099121094,416.5583801269531,403.8399963378906
2025-01-02,242.0931396484375,220.22000122070312,188.4457244873047,413.6726379394531,379.2799987792969
2025-01-03,241.60665893554688,224.19000244140625,190.79344177246094,418.38671875,410.44000244140625
2025-01-06,243.2348175048828,227.61000061035156,195.84703063964844,422.8339538574219,411.04998779296875
2025-01-07,240.4649658203125,222.11000061035156,194.47422790527344,417.4181823730469,394.3599853515625
2025-01-08,240.95140075683594,222.1300048828125,192.94223022460938,419.58251953125,394.94000244140625
2025-01-10,235.14356994628906,218.94000244140625,191.04214477539062,414.0382995605469,394.739990234375
2025-01-13,232.71119689941406,218.4600067138672,190.0175018310547,412.2989807128906,403.30999755859375
2025-01-14,231.59927368164062,217.75999450683594,188.6745147705078,410.7967529296875,396.3599853515625
2025-01-15,236.1562042236328,223.35000610351562,194.53390502929688,421.3119812011719,428.2200012207031
2025-01-16,226.61544799804688,220.66000366210938,191.9076385498047,419.60223388671875,413.82000732421875
2025-01-17,228.32305908203125,225.94000244140625,194.98158264160156,424.0000915527344,426.5
2025-01-21,221.03594970703125,230.7100067138672,197.0209197998047,423.4763488769531,424.07000732421875
2025-01-22,222.2173614501953,235.00999450683594,197.33924865722656,440.9688415527344,415.1099853515625
2025-01-23,222.048583984375,235.4199981689453,196.95127868652344,441.47283935546875,412.3800048828125
2025-01-24,221.17495727539062,234.85000610351562,199.16970825195312,438.8539123535156,406.5799865722656
2025-01-27,228.2039031982422,235.4199981689453,190.81332397460938,429.46533203125,397.1499938964844
2025-01-28,236.54339599609375,238.14999389648438,194.2852020263672,441.9570617675781,398.0899963378906
2025-01-29,237.63546752929688,237.07000732421875,194.39463806152344,437.1441955566406,389.1000061035156
2025-01-30,235.87823486328125,234.63999938964844,199.82627868652344,410.1247253417969,400.2799987792969
2025-01-31,234.2996826171875,237.67999267578125,202.9599151611328,410.1938781738281,404.6000061035156
2025-02-03,226.3672332763672,237.4199981689453,200.1844024658203,406.1024169921875,383.67999267578125
2025-02-04,231.12274169921875,242.05999755859375,205.30763244628906,407.53546142578125,392.2099914550781
2025-02-05,230.79513549804688,236.1699981689453,190.33584594726562,408.4447021484375,378.1700134277344
2025-02-06,231.5397186279297,238.8300018310547,190.60443115234375,410.9449768066406,374.32000732421875
2025-02-07,225.989990234375,229.14999389648438,184.37696838378906,404.9461975097656,361.6199951171875
2025-02-10,226.25833129882812,233.13999938964844,185.50111389160156,407.3871765136719,350.7300109863281
2025-02-11,231.19793701171875,232.75999450683594,184.35708618164062,406.6163330078125,328.5
2025-02-12,235.42198181152344,228.92999267578125,182.65594482421875,404.2444763183594,336.510009765625
2025-02-13,240.05348205566406,230.3699951171875,185.1728057861328,405.72686767578125,355.94000244140625
2025-02-14,243.1046905517578,228.67999267578125,184.2675323486328,403.6416320800781,355.8399963378906
2025-02-18,242.97552490234375,226.64999389648438,182.81512451171875,404.8374938964844,354.1099853515625
2025-02-19,243.373046875,226.6300048828125,184.30734252929688,409.90728759765625,360.55999755859375
2025-02-20,244.3271942138672,222.8800048828125,183.6009979248047,412.0759582519531,354.3999938964844
2025-02-21,244.04891967773438,216.5800018310547,178.7264862060547,404.2331237792969,337.79998779296875
2025-02-24,245.58944702148438,212.7100067138672,178.31861877441406,400.0641174316406,330.5299987792969
2025-02-25,245.52976989746094,212.8000030517578,174.50851440429688,394.0235595703125,302.79998779296875
2025-02-26,238.89064025878906,214.35000610351562,171.8324737548828,395.83575439453125,290.79998779296875
2025-02-27,235.84933471679688,208.74000549316406,167.6244659423828,388.70587158203125,281.95001220703125
2025-02-28,240.36160278320312,212.27999877929688,169.39520263671875,393.1224365234375,292.9800109863281
2025-03-03,236.57485961914062,205.02000427246094,166.14218139648438,384.7052001953125,284.6499938964844
2025-03-04,234.48773193359375,203.8000030517578,170.03187561035156,384.82403564453125,272.0400085449219
2025-03-05,234.2988739013672,208.36000061035156,172.12098693847656,397.1131286621094,279.1000061035156
2025-03-06,233.89138793945312,200.6999969482422,171.45448303222656,393.0234375,263.45001220703125
2025-03-07,237.60853576660156,199.25,172.9565887451172,389.478271484375,262.6700134277344
2025-03-10,226.08935546875,194.5399932861328,165.1981658935547,376.4563903808594,222.14999389648438
2025-03-11,219.48995971679688,196.58999633789062,163.37554931640625,376.7435607910156,230.5800018310547
2025-03-12,215.653564453125,198.88999938964844,166.4331512451172,379.53607177734375,248.08999633789062
2025-03-13,208.39817810058594,193.88999938964844,162.1007537841797,375.0799255371094,240.67999267578125
2025-03-14,212.18490600585938,197.9499969482422,164.81971740722656,384.7745666503906,249.97999572753906
2025-03-17,212.69178771972656,195.74000549316406,163.62457275390625,384.9132080078125,238.00999450683594
2025-03-18,211.38978576660156,192.82000732421875,160.01922607421875,379.78363037109375,225.30999755859375
2025-03-19,213.9241943359375,195.5399932861328,163.22618103027344,384.041748046875,235.86000061035156
2025-03-20,212.79116821289062,194.9499969482422,162.14060974121094,383.07135009765625,236.25999450683594
2025-03-21,216.93568420410156,196.2100067138672,163.32577514648438,387.4482421875,248.7100067138672
2025-03-24,219.38063049316406,203.25999450683594,167.00082397460938,389.2504577636719,278.3900146484375
2025-03-25,222.38218688964844,205.7100067138672,169.86917114257812,391.31024169921875,288.1400146484375
2025-03-26,220.17575073242188,201.1300048828125,164.39144897460938,386.17083740234375,272.05999755859375
2025-03-27,222.48158264160156,201.36000061035156,161.5828857421875,386.77490234375,273.1300048828125
2025-03-28,216.5679473876953,192.72000122070312,153.7049102783203,375.109619140625,263.54998779296875
2025-03-31,220.77207946777344,190.25999450683594,154.01365661621094,371.73291015625,259.1600036621094
2025-04-01,221.8256072998047,192.1699981689453,156.43382263183594,378.46661376953125,268.4599914550781
2025-04-02,222.5213165283203,196.00999450683594,156.40391540527344,378.4171447753906,282.760009765625
2025-04-03,201.94786071777344,178.41000366210938,150.10951232910156,369.47503662109375,267.2799987792969
2025-04-04,187.22840881347656,171.0,145.01028442382812,356.3343505859375,239.42999267578125
2025-04-07,180.35072326660156,175.25999450683594,146.15562438964844,354.3736572265625,233.2899932861328
2025-04-08,171.36598205566406,170.66000366210938,144.11390686035156,351.10577392578125,221.86000061035156
2025-04-09,197.6343994140625,191.10000610351562,158.0671844482422,386.6857604980469,272.20001220703125
2025-04-10,189.2559356689453,181.22000122070312,152.20101928710938,377.6347961425781,252.39999389648438
2025-04-11,196.93865966796875,184.8699951171875,156.50350952148438,384.6656188964844,252.30999755859375
2025-04-14,201.28196716308594,182.1199951171875,158.42572021484375,384.0318603515625,252.35000610351562
2025-04-15,200.90428161621094,179.58999633789062,155.67686462402344,381.9721374511719,254.11000061035156
2025-04-16,193.0823974609375,174.3300018310547,152.70896911621094,367.9896545410156,241.5500030517578
2025-04-17,195.77581787109375,172.61000061035156,150.54776000976562,364.1969909667969,241.3699951171875
2025-04-21,191.97918701171875,167.32000732421875,147.07188415527344,355.6213684082031,227.5
2025-04-22,198.51895141601562,173.17999267578125,150.85650634765625,363.246337890625,237.97000122070312
2025-04-23,203.3492431640625,180.60000610351562,154.72076416015625,370.7426452636719,250.74000549316406
2025-04-24,207.09619140625,186.5399932861328,158.63485717773438,383.52679443359375,259.510009765625
2025-04-25,208.00062561035156,188.99000549316406,161.30401611328125,388.0325012207031,284.95001220703125
2025-04-28,208.85537719726562,187.6999969482422,159.95947265625,387.3492431640625,285.8800048828125
2025-04-29,209.91885375976562,187.38999938964844,159.51129150390625,390.2012023925781,292.0299987792969
2025-04-30,211.20094299316406,184.4199981689453,158.15679931640625,391.4092712402344,282.1600036621094
2025-05-01,212.01596069335938,190.1999969482422,160.64666748046875,421.2556457519531,280.5199890136719
2025-05-02,204.09466552734375,189.97999572753906,163.36561584472656,431.0394287109375,287.2099914550781
2025-05-05,197.6741485595703,186.35000610351562,163.54489135742188,431.9207458496094,280.260009765625
2025-05-06,197.2964630126953,185.00999450683594,162.56886291503906,429.0885925292969,275.3500061035156
2025-05-07,195.05027770996094,188.7100067138672,150.76686096191406,429.1282043457031,276.2200012207031
2025-05-08,196.28271484375,192.0800018310547,153.65512084960938,433.9012451171875,284.82000732421875
2025-05-09,197.31634521484375,193.05999755859375,152.13131713867188,434.4557800292969,298.260009765625
2025-05-12,209.776123046875,208.63999938964844,157.81817626953125,444.8832092285156,318.3800048828125
2025-05-13,211.90585327148438,211.3699951171875,158.88385009765625,444.7643737792969,334.07000732421875
2025-05-14,211.30870056152344,210.25,164.7001953125,448.52734375,347.67999267578125
2025-05-15,210.4329376220703,205.1699981689453,163.29591369628906,449.5392761230469,342.82000732421875
2025-05-16,210.24386596679688,205.58999633789062,165.51686096191406,450.6702575683594,349.9800109863281
2025-05-19,207.7758026123047,206.16000366210938,165.86546325683594,455.2337646484375,342.0899963378906
2025-05-20,205.8650360107422,204.07000732421875,163.31582641601562,454.5393371582031,343.82000732421875
2025-05-21,201.11798095703125,201.1199951171875,167.8772735595703,448.98370361328125,334.6199951171875
2025-05-22,200.39149475097656,203.10000610351562,170.1779022216797,451.25555419921875,341.0400085449219
2025-05-23,194.33079528808594,200.99000549316406,167.78762817382812,446.6126403808594,339.3399963378906
2025-05-27,199.24703979492188,206.02000427246094,172.19969177246094,457.0393371582031,362.8900146484375
2025-05-28,199.45602416992188,204.72000122070312,171.661865234375,453.7357482910156,356.8999938964844
2025-05-29,198.98825073242188,205.6999969482422,171.16390991210938,455.0453186035156,358.42999267578125
2025-05-30,199.8839569091797,205.00999450683594,171.0443878173828,456.71197509765625,346.4599914550781
2025-06-02,200.72987365722656,206.64999389648438,168.34535217285156,458.3092346191406,342.69000244140625
2025-06-03,202.29229736328125,205.7100067138672,165.5069122314453,459.3013000488281,344.2699890136719
2025-06-04,201.84446716308594,207.22999572753906,167.36935424804688,460.1941223144531,332.04998779296875
2025-06-05,199.6649932861328,207.91000366210938,167.5286865234375,463.9739685058594,284.70001220703125
2025-06-06,202.9391632080078,213.57000732421875,172.97654724121094,466.6525573730469,295.1400146484375
2025-06-09,200.48104858398438,216.97999572753906,175.58908081054688,469.00384521484375,308.5799865722656
2025-06-10,201.6951904296875,217.61000061035156,178.0919647216797,467.18829345703125,326.0899963378906
2025-06-11,197.8238983154297,213.1999969482422,176.8455047607422,468.8748474121094,326.42999267578125
2025-06-12,198.2418975830078,213.24000549316406,175.20021057128906,475.0752868652344,319.1099853515625
2025-06-13,195.50511169433594,212.10000610351562,174.17312622070312,471.1962890625,325.30999755859375
2025-06-16,197.46563720703125,216.10000610351562,176.2671661376953,475.3431701660156,329.1300048828125
2025-06-17,194.69900512695312,214.82000732421875,175.44949340820312,474.25189208984375,316.3500061035156
2025-06-18,195.6344757080078,212.52000427246094,172.8269805908203,476.4344482421875,322.04998779296875
2025-06-20,200.03323364257812,209.69000244140625,166.1659698486328,473.6169738769531,322.1600036621094
2025-06-23,200.53082275390625,208.47000122070312,164.7200927734375,482.1488037109375,348.67999267578125
2025-06-24,199.3365936279297,212.77000427246094,166.2956085205078,486.2261962890625,340.4700012207031
2025-06-25,200.5904998779297,211.99000549316406,170.19447326660156,488.36907958984375,327.54998779296875
2025-06-26,200.03323364257812,217.1199951171875,173.04632568359375,493.508056640625,325.7799987792969
2025-06-27,200.11285400390625,223.3000030517578,178.02215576171875,492.0100402832031,323.6300048828125
2025-06-30,204.18316650390625,219.38999938964844,175.72869873046875,493.4684143066406,317.6600036621094
2025-07-01,206.8204345703125,220.4600067138672,175.3397979736328,488.15087890625,300.7099914550781
2025-07-02,211.418212890625,219.9199981689453,178.1318359375,487.198486328125,315.6499938964844
2025-07-03,212.5228729248047,223.41000366210938,179.01930236816406,494.8870849609375,315.3500061035156
2025-07-07,208.940185546875,223.47000122070312,176.28709411621094,493.77593994140625,293.94000244140625
2025-07-08,208.9998779296875,219.36000061035156,173.864013671875,492.68463134765625,297.80999755859375
2025-07-09,210.1244354248047,222.5399932861328,176.11758422851562,499.52008056640625,295.8800048828125
2025-07-10,211.3883514404297,222.25999450683594,177.11473083496094,497.50616455078125,309.8699951171875
2025-07-11,210.14434814453125,225.02000427246094,179.67742919921875,499.33154296875,313.510009765625
2025-07-14,207.6165771484375,225.69000244140625,181.04351806640625,499.033935546875,316.8999938964844
2025-07-15,208.10421752929688,226.35000610351562,181.48226928710938,501.8117370605469,310.7799987792969
2025-07-16,209.149169921875,223.19000244140625,182.4495086669922,501.61334228515625,321.6700134277344
2025-07-17,209.00985717773438,223.8800048828125,183.0577850341797,507.6451721191406,319.4100036621094
2025-07-18,210.16424560546875,226.1300048828125,184.53355407714844,506.0082092285156,329.6499938964844
2025-07-21,211.45799255371094,229.3000030517578,189.55923461914062,506.01812744140625,328.489990234375
2025-07-22,213.36878967285156,227.47000122070312,190.7957000732422,501.2660827636719,332.1099853515625
2025-07-23,213.11996459960938,228.2899932861328,189.68885803222656,501.8613586425781,332.55999755859375
2025-07-24,212.73184204101562,232.22999572753906,191.62335205078125,506.8316345214844,305.29998779296875
2025-07-25,212.8512725830078,231.44000244140625,192.6304473876953,509.6392822265625,316.05999755859375
2025-07-28,213.0204620361328,232.7899932861328,192.0321807861328,508.4388122558594,325.5899963378906
2025-07-29,210.2538299560547,231.00999450683594,195.19314575195312,508.50823974609375,321.20001220703125
2025-07-30,208.04449462890625,230.19000244140625,195.97093200683594,509.17291259765625,319.0400085449219
2025-07-31,206.57162475585938,234.11000061035156,191.35409545898438,529.2723388671875,308.2699890136719
2025-08-01,201.40658569335938,214.75,188.5919952392578,519.956787109375,302.6300048828125
2025-08-04,202.3719482421875,211.64999389648438,194.4851837158203,531.3955078125,309.260009765625
2025-08-05,201.9439697265625,213.75,194.11624145507812,523.5679321289062,308.7200012207031
2025-08-06,212.22430419921875,222.30999755859375,195.5321807861328,520.7802734375,319.9100036621094
2025-08-07,218.97169494628906,223.1300048828125,195.9609832763672,516.7127685546875,322.2699890136719
2025-08-08,228.2468719482422,222.69000244140625,200.84701538085938,517.9031982421875,329.6499938964844
2025-08-11,226.3438720703125,221.3000030517578,200.42822265625,517.6354370117188,339.0299987792969
2025-08-12,228.80477905273438,221.47000122070312,202.76156616210938,525.0462036132812,340.8399963378906
2025-08-13,232.4712677001953,224.55999755859375,201.385498046875,516.454833984375,339.3800048828125
2025-08-14,231.9232940673828,230.97999572753906,202.36270141601562,518.3397216796875,335.5799865722656
2025-08-15,230.73765563964844,231.02999877929688,203.31996154785156,516.0479736328125,330.55999755859375
2025-08-18,230.04022216796875,231.49000549316406,202.92111206054688,513.0023193359375,335.1600036621094
2025-08-19,229.71145629882812,228.00999450683594,200.99661254882812,505.7304382324219,329.30999755859375
2025-08-20,225.1781768798828,223.80999755859375,198.7530059814453,501.7125549316406,323.8999938964844
2025-08-21,224.07228088378906,221.9499969482422,199.18179321289062,501.066650390625,320.1099853515625
2025-08-22,226.9217529296875,228.83999633789062,205.5037384033203,504.0378112792969,340.010009765625
2025-08-25,226.323974609375,227.94000244140625,207.8969268798828,501.0865173339844,346.6000061035156
2025-08-26,228.46603393554688,228.7100067138672,206.55076599121094,498.8804626464844,351.6700134277344
2025-08-27,229.6417236328125,229.1199951171875,206.8897705078125,503.5509033203125,349.6000061035156
2025-08-28,231.70408630371094,231.60000610351562,211.0379638671875,506.4326477050781,345.9800109863281
2025-08-29,231.28562927246094,229.0,212.30433654785156,503.5011901855469,333.8699951171875
2025-09-02,228.87454223632812,225.33999633789062,210.74879455566406,501.9410705566406,329.3599853515625
2025-09-03,237.59234619140625,225.99000549316406,230.00384521484375,502.1696472167969,334.0899963378906
2025-09-04,238.89752197265625,235.67999267578125,231.63919067382812,504.77313232421875,338.5299987792969
2025-09-05,238.80783081054688,232.3300018310547,234.33151245117188,491.884765625,350.8399963378906
2025-09-08,237.00450134277344,235.83999633789062,233.5829620361328,495.06463623046875,346.3999938964844
2025-09-09,233.48748779296875,238.24000549316406,239.16204833984375,495.2733154296875,346.9700012207031
2025-09-10,225.955322265625,230.3300018310547,238.7029266357422,497.2209777832031,347.7900085449219
2025-09-11,229.18341064453125,229.9499969482422,239.9005889892578,497.8569641113281,368.80999755859375
2025-09-12,233.2085418701172,228.14999389648438,240.32977294921875,506.6910095214844,395.94000244140625
2025-09-15,235.828857421875,231.42999267578125,251.11865234375,512.1166381835938,410.0400085449219
2025-09-16,237.2735137939453,234.0500030517578,250.66952514648438,505.8364562988281,421.6199951171875
2025-09-17,238.11044311523438,231.6199951171875,249.04270935058594,506.81024169921875,425.8599853515625
2025-09-18,237.00450134277344,231.22999572753906,251.53782653808594,505.2501525878906,416.8500061035156
2025-09-19,244.59646606445312,231.47999572753906,254.2225799560547,514.6705322265625,426.07000732421875
2025-09-22,255.13751220703125,227.6300048828125,252.036865234375,511.21240234375,434.2099914550781
2025-09-23,253.4935760498047,220.7100067138672,251.16856384277344,506.0252380371094,425.8500061035156
2025-09-24,251.38140869140625,220.2100067138672,246.65737915039062,506.9394226074219,442.7900085449219
2025-09-25,255.9246063232422,218.14999389648438,245.30999755859375,503.83905029296875,423.3900146484375
2025-09-26,254.51980590820312,219.77999877929688,246.0585479736328,508.2411804199219,440.3999938964844
2025-09-29,253.4935760498047,222.1699981689453,243.57342529296875,511.3613586425781,443.2099914550781
2025-09-30,253.69287109375,219.57000732421875,242.62527465820312,514.6903686523438,444.7200012207031
2025-10-01,254.50985717773438,220.6300048828125,244.42173767089844,516.439208984375,459.4599914550781
2025-10-02,256.18365478515625,222.41000366210938,245.210205078125,512.4942626953125,436.0
2025-10-03,257.07037353515625,219.50999450683594,244.8708953857422,514.0940551757812,429.8299865722656
2025-10-06,255.7452850341797,220.89999389648438,249.9409637451172,525.2435302734375,453.25
2025-10-07,255.5360565185547,221.77999877929688,245.2800750732422,520.682373046875,433.0899963378906
2025-10-08,257.1102600097656,225.22000122070312,244.1422882080078,521.5468139648438,438.69000244140625
2025-10-09,253.1050262451172,227.74000549316406,241.05833435058594,519.1123046875,435.5400085449219
2025-10-10,244.3673095703125,216.3699951171875,236.1080322265625,507.74432373046875,413.489990234375
2025-10-13,246.74851989746094,220.07000732421875,243.6732177734375,510.81488037109375,435.8999938964844
2025-10-14,246.8581085205078,216.38999938964844,244.97068786621094,510.3379211425781,429.239990234375
2025-10-15,248.42233276367188,215.57000732421875,250.53977966308594,510.19879150390625,435.1499938964844
2025-10-16,246.53929138183594,214.47000122070312,250.9689483642578,508.3902587890625,428.75
2025-10-17,251.36146545410156,213.0399932861328,252.80535888671875,510.3478698730469,439.30999755859375
2025-10-20,261.2748718261719,216.47999572753906,256.04901123046875,513.5376586914062,447.42999267578125
2025-10-21,261.80291748046875,222.02999877929688,249.9709014892578,514.4021606445312,442.6000061035156
2025-10-22,257.49884033203125,217.9499969482422,251.19851684570312,517.2640380859375,438.9700012207031
2025-10-23,258.6246337890625,221.08999633789062,252.58578491210938,517.2838745117188,448.9800109863281
2025-10-24,261.85272216796875,224.2100067138672,259.4124450683594,520.3146362304688,433.7200012207031
2025-10-27,267.8207092285156,226.97000122070312,268.7441711425781,528.1749877929688,452.4200134277344
2025-10-28,268.010009765625,229.25,266.9476623535156,538.6585083007812,460.54998779296875
2025-10-29,268.7073974609375,230.3000030517578,274.0338134765625,538.1417846679688,461.510009765625
2025-10-30,270.4011535644531,222.86000061035156,280.93035888671875,522.4512329101562,440.1000061035156
2025-10-31,269.37493896484375,244.22000122070312,280.6408996582031,514.5512084960938,456.55999755859375
2025-11-03,268.05975341796875,254.0,283.16595458984375,513.776123046875,468.3699951171875
2025-11-04,269.0461730957031,249.32000732421875,276.9980163574219,511.0931701660156,444.260009765625
2025-11-05,269.14581298828125,250.1999969482422,283.7547912597656,503.96826171875,462.07000732421875
2025-11-06,268.7771301269531,243.0399932861328,284.1939392089844,493.9715576171875,445.9100036621094
2025-11-07,267.4819030761719,244.41000366210938,278.2854919433594,493.6933288574219,429.5199890136719
2025-11-10,268.6986083984375,248.39999389648438,289.5334777832031,502.8155517578125,445.2300109863281
2025-11-11,274.5028076171875,249.10000610351562,290.7411193847656,505.47869873046875,439.6199951171875
2025-11-12,272.7276611328125,244.1999969482422,286.1501159667969,507.9232177734375,430.6000061035156
2025-11-13,272.2090759277344,237.5800018310547,278.0260314941406,500.12261962890625,401.989990234375
2025-11-14,271.6705017089844,234.69000244140625,275.8702087402344,506.96923828125,404.3500061035156
2025-11-17,266.73394775390625,232.8699951171875,284.4634094238281,504.296142578125,408.9200134277344
2025-11-18,266.7140197753906,222.5500030517578,283.724853515625,490.6824035644531,401.25
2025-11-19,267.8309631347656,222.69000244140625,292.2381896972656,484.0543518066406,403.989990234375
2025-11-20,265.5272521972656,217.13999938964844,288.884765625,476.308837890625,395.2300109863281
2025-11-21,270.75299072265625,220.69000244140625,299.0748291015625,470.0268249511719,391.0899963378906
2025-11-24,275.1709899902344,226.27999877929688,317.9578552246094,471.89849853515625,417.7799987792969
2025-11-25,276.2181701660156,229.6699981689453,322.8083801269531,474.8752136230469,419.3999938964844
2025-11-26,276.79656982421875,229.16000366210938,319.3252258300781,483.3475341796875,426.5799865722656
2025-11-28,278.0930480957031,233.22000122070312,319.55474853515625,489.82867431640625,430.1700134277344
2025-12-01,282.3315124511719,233.8800048828125,314.2751159667969,484.5820007324219,430.1400146484375
2025-12-02,285.4131164550781,234.4199981689453,315.19329833984375,487.82757568359375,429.239990234375
2025-12-03,283.378662109375,232.3800048828125,319.0058288574219,475.6119689941406,446.739990234375
2025-12-04,279.9380187988281,229.11000061035156,316.9997253417969,478.70819091796875,454.5299987792969
2025-12-05,278.0232238769531,229.52999877929688,320.6426086425781,481.01788330078125,455.0
2025-12-08,277.1356506347656,226.88999938964844,313.3121643066406,488.8430480957031,439.5799865722656
2025-12-09,276.42755126953125,227.9199981689453,316.66778564453125,489.8385925292969,445.1700134277344
2025-12-10,278.0232238769531,231.77999877929688,319.7937316894531,476.43829345703125,451.45001220703125
2025-12-11,277.2752685546875,230.27999877929688,312.02386474609375,481.3265075683594,446.8900146484375
2025-12-12,277.52459716796875,226.19000244140625,308.887939453125,476.4084167480469,458.9599914550781
2025-12-15,273.3658752441406,222.5399932861328,307.8193359375,472.7148742675781,475.30999755859375
2025-12-16,273.8645324707031,222.55999755859375,306.1714782714844,474.2779235839844,489.8800048828125
2025-12-17,271.10205078125,221.27000427246094,296.3342590332031,474.00909423828125,467.260009765625
2025-12-18,271.4511413574219,226.75999450683594,302.0668029785156,481.8342590332031,483.3699951171875
2025-12-19,272.9271240234375,227.35000610351562,306.7607116699219,483.7656555175781,481.20001220703125
2025-12-22,270.23443603515625,228.42999267578125,309.3773193359375,482.7701110839844,488.7300109863281
2025-12-23,271.62066650390625,232.13999938964844,313.94134521484375,484.6915283203125,485.55999755859375
2025-12-24,273.06671142578125,232.3800048828125,313.6816711425781,485.8563232421875,485.3999938964844
2025-12-26,272.6578369140625,232.52000427246094,313.10247802734375,485.5476989746094,475.19000244140625
2025-12-29,273.0168762207031,232.07000732421875,313.15240478515625,484.9404296875,459.6400146484375
2025-12-30,272.3387145996094,232.52999877929688,313.4420166015625,485.3187255859375,454.42999267578125
2025-12-31,271.12200927734375,230.82000732421875,312.5931091308594,481.4758605957031,449.7200012207031
2026-01-02,270.2743225097656,226.5,314.74029541015625,470.84320068359375,438.07000732421875
2026-01-05,266.5345153808594,233.05999755859375,316.1285095214844,470.7536315917969,451.6700134277344
2026-01-06,261.6477966308594,240.92999267578125,313.9313659667969,476.3885192871094,432.9599914550781
2026-01-07,259.623291015625,241.55999755859375,321.56146240234375,481.3265075683594,431.4100036621094
2026-01-08,258.3368225097656,246.2899932861328,325.0169372558594,475.9902648925781,435.79998779296875
2026-01-09,258.6659240722656,247.3800048828125,328.14288330078125,477.15509033203125,445.010009765625
2026-01-12,259.5435485839844,246.47000122070312,331.4285888671875,475.06439208984375,448.9599914550781
2026-01-13,260.34136962890625,242.60000610351562,335.5332336425781,468.5832824707031,447.20001220703125
2026-01-14,259.2543029785156,236.64999389648438,335.4034118652344,457.34332275390625,439.20001220703125
2026-01-15,257.5090637207031,238.17999267578125,332.347412109375,454.6353759765625,438.57000732421875
2026-01-16,254.8363494873047,239.1199951171875,329.5710144042969,457.8211669921875,437.5
2026-01-20,246.0303192138672,231.0,321.5814208984375,452.5048828125,419.25
2026-01-21,246.9777374267578,231.30999755859375,327.953125,442.1410217285156,431.44000244140625
2026-01-22,247.67584228515625,234.33999633789062,330.11029052734375,449.1398620605469,449.3599853515625
2026-01-23,247.36666870117188,239.16000366210938,327.5036926269531,463.8841857910156,449.05999755859375
2026-01-26,254.7166748046875,238.4199981689453,332.8267822265625,468.19500732421875,435.20001220703125
2026-01-27,257.5688781738281,244.67999267578125,334.1150817871094,478.4493103027344,430.8999938964844
2026-01-28,255.743896484375,243.00999450683594,335.57318115234375,479.49468994140625,431.4599914550781
2026-01-29,257.5788879394531,241.72999572753906,337.810302734375,431.57806396484375,416.55999755859375
2026-01-30,258.775634765625,239.3000030517578,337.56060791015625,428.38232421875,430.4100036621094
2026-02-02,269.2770690917969,242.9600067138672,343.2431945800781,421.49298095703125,421.80999755859375
2026-02-03,268.7485046386719,238.6199951171875,339.26837158203125,409.3868713378906,421.9599914550781
2026-02-04,275.7394104003906,232.99000549316406,332.6070861816406,412.3536682128906,406.010009765625
2026-02-05,275.1610412597656,222.69000244140625,330.81939697265625,391.9246520996094,397.2099914550781
2026-02-06,277.364990234375,210.32000732421875,322.4402770996094,399.3615417480469,411.1099853515625
2026-02-09,274.13079833984375,208.72000122070312,323.8984069824219,411.76629638671875,417.32000732421875
2026-02-10,273.19244384765625,206.9600067138672,318.16583251953125,411.437744140625,425.2099914550781
2026-02-11,275.00921630859375,204.0800018310547,310.55572509765625,402.57720947265625,428.2699890136719
2026-02-12,261.2637939453125,199.60000610351562,308.59832763671875,400.05841064453125,417.07000732421875
2026-02-13,255.32435607910156,198.7899932861328,305.32257080078125,399.5407409667969,417.44000244140625
2026-02-17,263.4099426269531,201.14999389648438,301.6273498535156,395.1004943847656,410.6300048828125
2026-02-18,263.8791198730469,204.7899932861328,302.9356689453125,397.828369140625,411.32000732421875
2026-02-19,260.11578369140625,204.86000061035156,302.456298828125,397.5988464355469,411.7099914550781
2026-02-20,264.1086730957031,210.11000061035156,314.570556640625,396.37152099609375,411.82000732421875
2026-02-23,265.705810546875,205.27000427246094,311.0850524902344,383.6390686035156,399.8299865722656
2026-02-24,271.6552429199219,208.55999755859375,310.495849609375,388.1593017578125,409.3800048828125
2026-02-25,273.74151611328125,210.63999938964844,312.4932556152344,399.7342224121094,417.3999938964844
2026-02-26,272.4637756347656,207.9199981689453,306.98040771484375,400.851806640625,408.5799865722656
2026-02-27,263.7093811035156,210.0,311.354736328125,391.8912048339844,402.510009765625
2026-03-02,264.2484130859375,208.38999938964844,306.12152099609375,397.6886291503906,403.32000732421875
2026-03-03,263.2801818847656,208.72999572753906,303.1853332519531,403.0570068359375,392.42999267578125
2026-03-04,262.0523376464844,216.82000732421875,302.7359619140625,404.32427978515625,405.94000244140625
2026-03-05,259.8263244628906,218.94000244140625,300.4888916015625,409.79241943359375,405.54998779296875
2026-03-06,257.0013427734375,213.2100067138672,298.1319274902344,408.0761413574219,396.7300109863281
2026-03-09,259.41705322265625,213.49000549316406,306.1770935058594,408.5251770019531,398.67999267578125
2026-03-10,260.3653564453125,214.3300018310547,306.8567199707031,404.8830871582031,399.239990234375
2026-03-11,260.3453674316406,212.64999389648438,308.5157470703125,404.0049743652344,407.82000732421875
2026-03-12,255.30438232421875,209.52999877929688,303.3687744140625,400.9914855957031,395.010009765625
2026-03-13,249.6744384765625,207.6699981689453,302.09954833984375,394.69512939453125,391.20001220703125
2026-03-16,252.36964416503906,211.74000549316406,305.3775939941406,399.08563232421875,395.55999755859375
2026-03-17,253.77711486816406,215.1999969482422,310.7344055175781,398.5467834472656,399.2699890136719
2026-03-18,249.49476623535156,209.8699951171875,307.5063171386719,390.9432678222656,392.7799987792969
2026-03-19,248.5165252685547,208.75999450683594,306.9466552734375,388.1792297363281,380.29998779296875
2026-03-20,247.54823303222656,205.3699951171875,300.8203125,381.0447082519531,367.9599914550781
2026-03-23,251.04200744628906,210.13999938964844,301.87969970703125,382.1722717285156,380.8500061035156
2026-03-24,251.1917266845703,207.24000549316406,290.2666320800781,371.9344177246094,383.0299987792969
2026-03-25,252.16998291015625,211.7100067138672,290.7563171386719,370.2381286621094,385.95001220703125
2026-03-26,252.43951416015625,207.5399932861328,280.7523193359375,365.1790771484375,372.1099853515625
2026-03-27,248.35679626464844,199.33999633789062,274.1762390136719,355.9989318847656,361.8299865722656
2026-03-30,246.19065856933594,200.9499969482422,273.33673095703125,358.1842041015625,355.2799987792969
2026-03-31,253.337890625,208.27000427246094,287.3883361816406,369.3699951171875,371.75
2026-04-01,255.17462158203125,210.57000732421875,297.2124938964844,368.57171630859375,381.260009765625
2026-04-02,255.464111328125,209.77000427246094,295.59344482421875,372.6528625488281,360.5899963378906
2026-04-06,258.3988342285156,212.7899932861328,299.8109130859375,372.0741271972656,352.82000732421875
2026-04-07,253.0484161376953,213.77000427246094,305.27764892578125,371.48541259765625,346.6499938964844
2026-04-08,258.43878173828125,221.25,317.1305847167969,373.52099609375,343.25
2026-04-09,260.02593994140625,233.64999389648438,318.29986572265625,372.26373291015625,345.6199951171875
2026-04-10,260.0159912109375,238.3800048828125,317.0506286621094,370.0684814453125,348.95001220703125
2026-04-13,258.73828125,239.88999938964844,321.1181945800781,383.539306640625,352.4200134277344
2026-04-14,258.368896484375,249.02000427246094,332.7112731933594,392.2604064941406,364.20001220703125
2026-04-15,265.95538330078125,248.5,336.91876220703125,410.3312683105469,391.95001220703125
2026-04-16,262.9307556152344,249.6999969482422,335.81939697265625,419.35174560546875,388.8999938964844
2026-04-17,269.7486267089844,250.55999755859375,341.4760437011719,421.87628173828125,400.6199951171875
2026-04-20,272.5635681152344,248.27999877929688,337.2185974121094,417.1664733886719,392.5
2026-04-21,265.69586181640625,249.91000366210938,332.0916442871094,423.2433166503906,386.4200134277344
2026-04-22,272.68341064453125,255.36000061035156,339.1174621582031,431.984375,387.510009765625
2026-04-23,272.9429016113281,255.0800018310547,338.6877136230469,414.8514709472656,373.7200012207031
2026-04-24,270.5771179199219,263.989990234375,344.19439697265625,423.7023010253906,376.29998779296875
2026-04-27,267.1332702636719,261.1199951171875,350.130859375,423.9018859863281,378.6700134277344
2026-04-28,270.2277526855469,259.70001220703125,349.5711975097656,428.3222961425781,376.0199890136719
2026-04-29,269.688720703125,263.0400085449219,349.7311096191406,423.5426330566406,372.79998779296875
2026-04-30,270.86663818359375,265.05999755859375,384.5702819824219,406.8987121582031,381.6300048828125
2026-05-01,279.6409606933594,268.260009765625,385.45977783203125,413.5443115234375,390.82000732421875
2026-05-04,276.33685302734375,272.04998779296875,383.0212097167969,412.72607421875,392.510009765625
2026-05-05,283.67376708984375,273.54998779296875,388.1981201171875,410.4909362792969,389.3699951171875
2026-05-06,286.9978332519531,274.989990234375,397.8023986816406,413.0653381347656,398.7300109863281
2026-05-07,286.9279479980469,271.1700134277344,397.7524108886719,419.8606262207031,411.7900085449219
2026-05-08,292.7974853515625,272.67999267578125,400.56072998046875,414.22283935546875,428.3500061035156
2026-05-11,292.42779541015625,268.989990234375,388.40802001953125,411.7681579589844,445.0
2026-05-12,294.54595947265625,265.82000732421875,387.1187744140625,406.8887023925781,433.45001220703125
2026-05-13,298.6124572753906,270.1300048828125,402.3796691894531,404.3342590332031,445.2699890136719
2026-05-14,297.9530334472656,267.2200012207031,400.8305969238281,408.5451354980469,443.29998779296875
2026-05-15,299.9713134765625,264.1400146484375,396.54315185546875,421.0081481933594,422.239990234375
2026-05-18,297.5833435058594,264.8599853515625,396.70306396484375,422.6246643066406,409.989990234375
2026-05-19,298.7123718261719,259.3399963378906,387.4285888671875,416.51788330078125,404.1099853515625
2026-05-20,301.98956298828125,265.010009765625,388.6778564453125,420.1499938964844,417.260009765625
2026-05-21,304.7271728515625,268.4599914550781,387.4285888671875,419.0899963378906,417.8500061035156
2026-05-22,308.55389404296875,266.32000732421875,382.74139404296875,418.57000732421875,426.010009765625
2026-05-26,308.0643005371094,265.2900085449219,388.6478576660156,416.0299987792969,433.5899963378906
2026-05-27,310.5821533203125,271.8500061035156,388.5978698730469,412.6700134277344,440.3599853515625
2026-05-28,312.24072265625,274.0,389.8971252441406,426.989990234375,442.1000061035156
2026-05-29,311.7911071777344,270.6400146484375,380.1129455566406,450.239990234375,435.7900085449219
2026-06-01,306.0460510253906,261.260009765625,376.14532470703125,460.5199890136719,415.8800048828125
2026-06-02,314.92840576171875,256.5199890136719,361.6340026855469,441.30999755859375,423.739990234375
2026-06-03,309.9926452636719,250.02000427246094,358.77569580078125,427.3399963378906,423.70001220703125
2026-06-04,310.9618225097656,253.7899932861328,371.96783447265625,428.04998779296875,418.45001220703125
2026-06-05,307.0751647949219,246.02999877929688,368.30999755859375,416.6700134277344,391.0
2026-06-08,301.2801818847656,245.22000122070312,363.30999755859375,411.739990234375,408.95001220703125
2026-06-09,290.29962158203125,244.19000244140625,364.260009765625,403.4100036621094,396.67999267578125
2026-06-10,291.3287353515625,238.0,356.3800048828125,397.3599853515625,381.5899963378906
2026-06-11,295.375244140625,241.50999450683594,357.7699890136719,390.3399963378906,399.1499938964844
2026-06-12,290.879150390625,238.5500030517578,359.67999267578125,390.739990234375,406.42999267578125
2026-06-15,296.1645812988281,246.02000427246094,369.3500061035156,399.760009765625,411.1499938964844
2026-06-16,298.9821472167969,246.0,373.25,393.8299865722656,404.6600036621094
2026-06-17,295.6949768066406,237.5,363.7900085449219,378.9100036621094,396.3800048828125
2026-06-18,297.7532043457031,244.38999938964844,368.0299987792969,379.3999938964844,400.489990234375
2026-06-22,296.75408935546875,232.7899932861328,349.67999267578125,367.3399963378906,405.04998779296875
2026-06-23,294.04638671875,234.11000061035156,346.1300048828125,373.94000244140625,381.6099853515625
2026-06-24,292.8274230957031,234.27000427246094,345.2900085449219,365.4599914550781,375.5299987792969
2026-06-25,274.91290283203125,227.00999450683594,343.7099914550781,352.8299865722656,375.1199951171875
2026-06-26,283.53546142578125,232.69000244140625,337.3900146484375,372.9700012207031,379.7099914550781
2026-06-29,281.4972229003906,240.13999938964844,353.6499938964844,368.57000732421875,411.8399963378906
2026-06-30,289.11065673828125,238.33999633789062,357.3699951171875,373.0199890136719,420.6000061035156
2026-07-01,294.1263427734375,241.6999969482422,361.2099914550781,384.2799987792969,425.29998779296875
2026-07-02,308.3640441894531,242.6699981689453,359.9100036621094,390.489990234375,393.45001220703125
2026-07-06,312.3905944824219,244.16000366210938,366.4599914550781,386.739990234375,419.7699890136719
2026-07-07,310.3923034667969,245.97999572753906,367.0299987792969,388.8399963378906,402.8999938964844
2026-07-08,313.1199645996094,243.6199951171875,361.9200134277344,383.3399963378906,394.05999755859375
2026-07-09,315.947509765625,247.0399932861328,358.8900146484375,384.3599853515625,406.54998779296875
2026-07-10,315.0483093261719,245.33999633789062,357.17999267578125,385.1000061035156,407.760009765625
2026-07-13,317.03656005859375,247.30999755859375,352.510009765625,390.989990234375,394.760009765625
2026-07-14,314.58868408203125,247.49000549316406,359.510009765625,384.92999267578125,396.17999267578125
2026-07-15,327.2178039550781,254.9600067138672,370.9200134277344,395.6300048828125,394.4599914550781
2026-07-16,332.97283935546875,249.88999938964844,354.4599914550781,401.1000061035156,391.05999755859375
2026-07-17,333.452392578125,247.22999572753906,346.7699890136719,393.82000732421875,380.8399963378906
2026-07-20,326.3085632324219,249.99000549316406,351.989990234375,402.2900085449219,369.57000732421875
2026-07-21,327.45758056640625,247.5500030517578,347.1499938964844,397.75,378.92999267578125
2026-07-22,325.60919189453125,244.85000610351562,342.0899963378906,390.3399963378906,374.010009765625
2026-07-23,321.3828430175781,233.66000366210938,317.69000244140625,381.5799865722656,319.69000244140625
2026-07-24,332.7330322265625,232.11000061035156,319.739990234375,381.70001220703125,313.0299987792969
2026-07-27,336.61968994140625,231.38999938964844,326.55999755859375,389.1000061035156,309.2200012207031
2026-07-28,339.78692626953125,230.86000061035156,333.7099914550781,393.3500061035156,307.44000244140625
2026-07-29,337.8985900878906,226.64999389648438,336.7099914550781,390.5400085449219,298.32000732421875
2026-07-30,333.1426696777344,235.5,333.6600036621094,451.1000061035156,308.8500061035156
2026-07-31,308.6438293457031,271.5799865722656,356.1300048828125,464.7200012207031,311.2099914550781
2026-08-03,303.1585693359375,284.0199890136719,373.510009765625,487.6499938964844,322.0799865722656
2026-08-04,309.1134033203125,277.4200134277344,377.6499938964844,492.80999755859375,327.3500061035156
2026-08-05,310.7320251464844,272.6499938964844,362.42999267578125,487.4599914550781,321.54998779296875
2026-08-06,312.14080810546875,272.260009765625,357.75,499.8599853515625,319.5299987792969
2026-08-07,313.05999755859375,274.4800109863281,354.29998779296875,499.989990234375,328.5799865722656
2026-08-10,308.260009765625,278.0899963378906,357.5199890136719,506.05999755859375,330.8800048828125
2026-08-11,304.9100036621094,272.2699890136719,343.79998779296875,503.80999755859375,332.80999755859375
2026-08-12,302.25,267.2799987792969,343.5400085449219,492.42999267578125,327.510009765625
2026-08-13,305.260009765625,265.1300048828125,346.3599853515625,496.8800048828125,339.9599914550781
2026-08-14,305.92999267578125,262.6499938964844,345.8999938964844,495.3999938964844,342.2699890136719
