bedrooms,bathrooms,sqft_living,sqft_lot,floors,waterfront,view,condition,grade,yr_built,zipcode,price
3,3.8,3034,9434,2.0,0,0,5,4,2000,94102,844043
5,2.2,2462,16055,2.0,0,3,4,7,1993,92717,777557
3,3.8,2074,14829,2.0,0,2,2,8,2019,94102,782241
2,3.5,1307,5885,2.0,0,2,4,10,1987,94102,573510
4,2.3,2910,11504,2.0,0,3,1,4,2014,94016,858313
3,2.2,1881,10315,1.5,0,2,5,11,1991,94102,683414
4,2.0,2513,9008,1.5,0,2,4,10,1999,95014,789680
2,1.2,3563,19219,2.0,1,1,4,8,1956,95014,1132119
2,1.0,1196,18085,1.5,1,0,5,7,2018,94016,586059
1,1.7,1406,4350,1.5,0,3,1,1,2002,94102,430760
2,1.8,3263,10282,1.0,0,2,3,1,1951,95014,882976
2,3.2,1772,8013,1.5,1,1,3,12,2005,90001,897642
1,1.5,3232,19930,1.5,0,2,1,12,1967,94016,980956
1,3.1,1805,13618,1.0,1,2,4,4,1976,94016,705289
2,3.2,2963,16110,1.0,0,1,3,2,2002,94016,833333
4,2.4,1457,3337,1.5,1,0,4,8,2008,94016,763433
5,1.4,2225,1937,1.0,0,1,1,3,1977,94016,697292
1,3.2,3037,5567,2.0,0,0,2,12,1966,94016,935333
1,3.7,3791,13054,2.0,1,1,2,2,1991,95014,1093597
5,2.1,1936,5868,2.0,1,3,4,3,2006,92717,831601
2,3.3,1499,9390,2.0,0,1,4,6,1985,92717,527439
4,3.2,2843,16227,1.5,0,4,3,4,2011,94102,848315
3,1.2,550,11081,1.0,0,0,2,5,1974,90001,235811
5,1.2,847,12592,2.0,0,4,2,8,1962,94102,439984
3,3.0,1459,5876,1.5,0,0,3,6,2011,92717,530388
5,3.5,1086,8616,1.5,1,1,4,2,1953,95014,589788
1,3.8,3889,17899,2.0,0,0,2,2,1954,90001,957287
1,1.4,1009,4995,1.0,0,0,3,3,1969,90001,293058
2,2.8,2443,18586,1.5,0,1,3,3,1984,92717,733710
4,1.8,2659,15275,1.0,0,1,5,5,1998,94016,766545
5,1.7,1448,8625,1.0,1,3,4,2,2008,90001,699774
5,3.2,1081,4259,1.0,0,2,3,12,1951,92717,562956
5,2.2,1772,2003,1.5,0,3,4,2,2008,95014,616774
2,2.3,1373,15699,2.0,0,1,4,11,2019,92717,536358
4,3.5,3350,19006,1.0,0,0,5,9,1995,90001,979175
3,1.7,2515,17941,1.0,0,3,5,12,1950,92717,868346
2,2.6,2731,12253,1.5,0,3,3,3,1985,90001,756488
5,3.5,794,1240,1.0,0,0,4,5,1996,94016,326273
1,1.4,3515,3826,1.0,0,1,2,3,2002,94102,801538
4,2.8,1973,2856,1.0,0,1,3,10,1963,94016,715627
3,3.5,3955,3674,1.5,0,1,4,6,2015,92717,1071940
1,3.3,3253,18375,1.5,0,3,1,10,2011,94102,1068589
4,3.7,592,15398,1.5,0,2,2,1,1964,92717,321158
3,1.1,773,12663,2.0,0,1,3,6,1978,90001,385388
3,3.1,2094,7513,1.0,0,3,3,2,2008,94016,689598
3,1.6,2410,9082,1.0,0,2,2,3,1983,94102,701305
3,2.7,3943,19450,1.5,0,4,5,1,1974,94102,939918
5,3.3,3666,16523,1.0,0,1,2,9,1992,90001,1143347
4,2.3,619,16308,1.5,0,2,3,11,2001,94102,478445
4,3.1,2487,5764,1.0,0,3,5,9,1953,92717,843401
5,3.5,2653,1296,2.0,0,2,2,1,2014,92717,730341
5,3.8,1342,6060,1.0,0,0,4,9,2009,95014,584052
4,2.6,1628,7058,1.0,1,1,5,5,1961,94102,719761
3,1.9,2854,10603,1.5,0,3,1,2,1988,94016,781621
1,2.2,2828,2297,1.5,0,4,4,10,1950,95014,947097
5,3.6,3602,16221,1.0,0,3,4,2,1963,94102,913438
4,1.7,3189,2253,2.0,1,0,1,10,1994,94016,1106971
2,3.6,2677,3020,1.0,0,1,3,8,2017,94102,839227
4,1.2,577,7582,2.0,0,0,3,8,1983,95014,414412
3,3.9,1400,8406,2.0,0,1,5,3,1961,94016,403248
2,1.4,1903,7516,1.0,0,3,4,2,2009,90001,576351
3,3.7,1598,13247,1.5,0,3,1,10,2011,92717,710749
5,2.6,2010,16082,2.0,0,1,2,8,1990,92717,676747
1,2.7,2498,3734,1.5,0,1,5,9,1992,94102,793088
2,3.9,2143,9043,1.5,0,4,5,3,2007,95014,708821
5,3.9,1234,15088,1.5,0,0,4,4,1974,94016,506214
3,3.4,2451,1832,1.0,0,3,1,3,1997,94102,672881
2,3.0,1727,2085,2.0,0,0,3,10,2006,94102,647680
2,3.0,3189,14362,1.0,0,3,3,1,2004,95014,862180
4,1.4,3091,1125,1.0,0,4,1,1,1955,94102,813351
5,2.4,2890,2459,1.5,0,1,4,7,2007,90001,902793
2,2.3,2925,12723,2.0,0,2,2,4,1992,94102,896434
1,1.3,742,2254,1.5,0,1,3,1,1987,94102,194109
1,1.0,1096,6157,1.5,0,2,5,6,1998,90001,492157
4,1.0,3764,19080,1.5,0,1,4,12,1994,94102,1121717
2,3.2,2079,9381,1.5,0,1,4,11,1999,94102,850845
4,2.3,3027,8390,1.0,0,3,5,5,1965,94016,867548
4,2.5,2134,11614,2.0,0,0,4,9,1953,95014,680851
4,1.8,1492,9635,1.0,0,1,3,9,1998,90001,560774
2,2.6,2280,18540,1.0,0,1,2,12,1967,95014,818845
2,1.4,1853,17970,1.0,0,0,5,6,1979,92717,599112
3,1.5,3282,2930,1.0,0,1,2,6,1950,92717,918345
4,3.5,3478,15206,1.5,0,4,4,12,2018,94016,1229099
4,1.1,2185,13876,1.0,1,1,3,1,1985,95014,735528
4,3.7,2664,17787,1.5,0,4,1,3,1972,94016,840113
4,2.0,3340,6984,1.0,0,4,4,6,2000,95014,1019904
1,3.8,1545,14369,1.0,0,1,1,5,2008,94016,566014
2,1.2,1928,16226,1.5,0,2,4,6,2015,90001,665620
4,1.9,2781,4612,1.0,0,3,5,4,1983,94102,773726
2,2.8,1607,4490,2.0,0,3,2,4,1985,94102,595147
5,3.8,2360,12460,1.5,1,3,5,10,2019,95014,1023418
4,1.3,1073,16989,1.0,0,0,3,2,1987,94016,391261
2,3.4,2941,18468,1.0,0,3,3,4,2000,94016,831722
3,2.8,1807,7707,2.0,0,2,2,9,1970,92717,668414
4,2.9,1331,15815,1.0,1,1,1,8,1995,90001,767889
5,4.0,3808,12864,1.0,0,3,5,6,2014,92717,1089418
4,2.0,3753,19913,2.0,0,0,4,12,1989,94016,1184904
2,2.1,2880,4250,2.0,1,4,5,12,2011,92717,1075736
1,2.6,1019,2531,1.5,0,1,2,5,1970,94102,388356
1,2.9,544,10964,1.0,0,3,5,4,1955,90001,306692
4,1.9,3142,16788,1.5,0,4,5,11,1993,90001,1010800
1,3.1,3210,4481,1.0,0,2,5,10,1978,94102,988653
2,1.2,1091,10719,2.0,0,4,4,1,1994,95014,386608
2,1.6,1525,2243,1.5,0,3,3,7,1952,94102,518547
1,1.0,1584,9038,2.0,0,3,5,7,2002,95014,604219
4,3.2,761,2457,1.0,0,1,3,6,1957,95014,383084
2,3.8,1169,18973,1.5,1,0,4,10,1964,95014,673529
4,3.3,3512,2629,1.5,0,4,5,5,1952,90001,968993
5,1.5,3171,4452,1.5,0,1,4,12,1953,94016,1032974
5,1.9,931,7627,1.5,0,4,5,11,1966,95014,509601
2,3.0,1738,15495,2.0,1,0,4,2,1951,94102,634257
5,1.9,2771,8218,1.5,0,0,5,3,1969,94016,778546
5,2.2,3428,2981,1.5,0,2,2,4,1969,94016,946577
4,1.8,2618,9129,1.0,1,3,5,9,1968,92717,988231
5,2.6,1280,5683,1.5,0,1,5,3,1953,95014,434848
4,3.6,1093,13265,1.5,0,2,4,10,1961,90001,590223
1,1.7,1277,5690,1.0,1,3,1,12,2000,95014,767573
5,2.6,2762,15205,1.0,0,3,3,8,1966,95014,843584
5,3.0,3915,1268,2.0,0,2,3,5,2011,92717,1028147
5,1.0,862,11966,1.0,0,0,1,9,2016,94102,423541
5,1.8,1719,12339,1.5,0,3,3,10,1986,94016,762163
1,2.7,2249,2045,1.0,0,3,3,9,1967,94102,698302
1,3.5,1514,8174,1.0,0,4,4,6,1996,95014,655923
2,1.7,2032,16990,1.0,0,1,1,2,1989,94102,607033
1,3.7,1658,11942,1.0,0,2,2,7,1991,92717,680896
1,3.5,2407,1586,2.0,0,0,5,2,2020,90001,743360
5,2.2,866,7962,2.0,0,0,2,3,1974,94102,356075
3,3.4,1562,15679,2.0,0,1,3,3,1961,94102,604695
3,3.5,1830,4039,1.0,1,0,4,5,1969,90001,787477
1,1.8,3823,17531,1.5,0,0,3,9,2000,94102,1005010
2,1.3,2386,8978,1.0,0,1,5,2,2015,90001,694135
1,1.3,1924,6154,2.0,0,2,4,8,2012,94102,636676
3,3.6,1414,9963,1.5,0,0,4,10,1969,94102,588366
5,2.5,3619,17936,1.0,0,1,4,9,1980,90001,1080824
5,3.0,3807,14348,1.5,0,2,3,10,2008,95014,1186634
2,2.2,1999,7044,2.0,1,0,1,3,2002,94102,685740
3,3.3,2793,19086,1.0,0,0,4,4,1992,95014,820444
4,3.5,1519,8773,2.0,0,4,4,9,1977,94102,688756
2,3.7,2774,7896,1.5,1,3,1,12,1995,94016,1021718
5,2.9,2373,2477,1.5,0,4,1,2,1990,94016,721010
4,3.7,872,3453,1.5,0,0,2,1,2019,94016,341736
2,3.6,3166,6740,1.5,0,3,4,7,1983,94102,972123
2,1.8,2251,4475,2.0,1,1,4,12,1958,92717,924684
1,2.8,3919,3800,2.0,0,2,3,8,2002,94102,1068848
2,1.8,1209,15143,2.0,0,3,4,12,1963,95014,553024
4,2.9,1479,18188,2.0,0,3,1,10,1963,94102,706756
2,3.7,3724,17060,1.5,0,4,1,8,1956,94016,1118046
1,2.4,2786,14286,2.0,0,0,5,9,1999,92717,899317
2,3.5,1682,2759,1.0,0,2,5,11,2001,95014,666458
3,1.1,2714,16433,2.0,0,4,5,11,1992,94102,929836
3,3.6,3268,1860,1.5,0,2,1,3,1979,94016,852491
3,3.8,3233,17325,2.0,0,2,2,1,1956,94016,871125
2,1.9,1397,1513,2.0,0,2,4,1,1977,94016,434182
4,3.1,2650,13483,2.0,1,3,3,8,1982,94016,1076553
3,3.5,1203,5697,2.0,0,3,3,7,1977,92717,479692
4,1.4,2014,18742,1.0,0,3,1,1,1997,92717,561986
2,2.2,3130,19427,1.5,0,0,4,8,1975,95014,949197
2,1.6,2443,3935,1.0,0,1,4,8,2017,90001,831166
4,3.2,3615,17144,2.0,0,3,2,12,1996,92717,1174931
4,2.2,3878,18571,1.0,0,4,4,8,1959,94016,1112143
3,1.0,1036,15464,1.0,0,2,5,8,1974,94016,426939
5,1.8,3078,15289,1.5,0,4,4,8,2010,90001,1001342
1,1.6,2297,8860,1.5,1,1,4,6,2009,95014,800262
4,1.2,3588,10826,2.0,0,3,1,3,2009,95014,971030
3,2.6,1499,4750,1.0,0,4,5,7,1994,94016,665859
4,2.0,3457,18290,1.5,0,0,1,12,2002,94102,1074659
3,1.7,2004,14515,1.5,0,1,1,10,1958,95014,750474
3,3.8,3002,14048,1.0,0,0,1,8,1999,94016,893588
4,2.0,3591,19045,1.0,0,2,4,3,1991,94102,962836
2,1.4,3908,3868,2.0,0,2,4,12,1996,95014,1153856
4,2.6,830,9975,1.5,0,4,2,11,2014,94016,553490
2,3.7,1211,16488,2.0,0,1,3,12,2004,94102,703651
4,3.3,1260,3184,1.5,0,1,5,3,1967,92717,424109
4,1.4,1729,15134,1.5,0,2,3,2,1956,90001,496680
4,1.9,2966,9695,1.0,0,3,4,11,1982,94016,982772
4,1.7,2183,15146,2.0,1,0,5,3,1954,95014,733616
1,3.8,2709,5373,1.5,1,2,4,5,1985,94016,903283
1,1.8,3204,2349,1.5,0,3,3,11,1956,95014,1008146
5,1.5,3525,15811,2.0,0,2,5,2,1980,94016,877366
5,2.4,853,4892,1.0,0,2,4,9,1953,94102,394295
1,2.8,1871,12879,2.0,0,4,5,2,1990,94102,563183
1,1.5,1610,11289,1.5,0,4,4,5,1991,95014,564556
5,1.1,3184,6417,2.0,1,4,5,2,1967,94016,953201
2,1.3,1081,7017,1.0,0,0,2,11,2014,94016,501122
3,3.0,3320,8908,1.0,0,1,3,1,1992,94102,817428
2,1.5,3922,4352,1.5,0,3,2,3,2016,94016,1026455
5,1.8,1338,7537,1.0,0,4,1,6,1958,90001,541962
2,3.0,635,7638,1.0,0,0,2,4,2019,94016,340646
4,3.6,3377,10960,1.5,0,0,4,9,1975,92717,941736
5,3.9,1202,18593,2.0,0,0,2,6,1950,90001,494205
3,2.2,888,18596,2.0,0,1,2,6,1989,94016,429794
3,1.7,2901,17656,2.0,0,2,5,1,1980,95014,781081
5,3.2,3111,6023,1.0,0,3,3,11,1988,92717,1016535
4,3.1,833,12797,2.0,0,4,2,9,2012,94102,521026
1,3.9,913,19213,2.0,0,3,1,10,2004,95014,503176
4,1.3,1505,18058,2.0,1,1,1,11,2007,90001,721343
4,3.6,1329,1189,1.5,0,2,1,6,1968,90001,503994
3,1.5,3823,16914,2.0,0,0,2,10,1965,95014,1090319
2,3.2,1341,9447,2.0,0,2,1,10,1968,90001,637171
2,4.0,3923,2612,2.0,0,4,2,8,1990,94102,1172959
2,1.7,2049,12306,2.0,0,4,2,9,1951,94016,714329
3,3.2,3645,17952,1.5,1,1,3,11,2002,94102,1201261
3,3.3,2156,12996,2.0,0,0,2,3,1987,94016,611306
3,1.8,682,6285,1.0,0,1,3,3,1988,90001,296951
1,3.8,1150,17275,2.0,0,2,3,8,1975,90001,505098
1,1.2,1294,14907,1.0,0,1,1,3,1989,95014,425931
2,1.7,673,1507,1.0,1,3,5,3,1998,94016,508816
4,1.9,2047,3914,1.0,0,3,5,5,1997,92717,724214
4,1.3,1760,2889,2.0,0,1,1,9,2016,95014,707028
4,1.7,2497,8019,1.5,0,1,5,4,1997,92717,778510
2,3.4,3944,15867,1.5,0,2,5,11,1950,94016,1175335
4,1.8,2560,6607,1.5,0,1,4,4,2003,95014,716397
2,2.5,2783,12988,1.5,0,1,4,6,1968,92717,786707
3,1.4,536,13290,2.0,0,2,2,12,1997,92717,518306
5,2.8,3448,14633,1.5,0,3,3,10,2002,94016,1080373
2,2.8,1451,4680,2.0,0,1,5,6,1960,94016,482284
1,1.7,1970,1901,1.5,0,0,4,3,1980,95014,524260
2,1.2,2315,13436,2.0,0,2,3,6,1963,95014,644452
5,3.1,3490,2747,1.0,0,3,1,1,1959,95014,984606
3,2.9,2536,13079,2.0,0,1,4,12,1993,95014,847001
1,2.4,1427,5925,1.5,0,4,3,4,1951,94102,565385
2,3.7,1432,6465,1.0,0,1,5,10,1962,95014,669191
3,3.9,2553,4030,1.0,0,3,1,1,1992,90001,732552
5,3.2,2988,1238,1.0,1,0,3,4,1995,94016,998159
5,3.9,1761,8480,2.0,0,3,4,10,1974,92717,780273
5,1.4,2435,10907,1.5,0,0,1,8,1968,90001,728584
4,1.5,1722,8164,2.0,1,4,4,12,1958,94016,858284
4,4.0,1692,11227,1.5,0,1,2,2,1994,94016,583796
2,2.1,3899,17206,1.5,0,2,2,2,2010,92717,1058522
5,2.7,1911,5415,1.0,1,0,3,5,2014,90001,723109
1,3.8,3859,5824,2.0,0,1,5,10,1953,92717,1141167
5,2.8,2854,13918,1.0,1,2,5,9,1982,90001,1063379
1,3.6,2316,5852,1.5,0,2,4,8,2010,95014,743395
1,3.1,3963,5026,1.0,0,4,3,10,1960,92717,1197176
1,3.6,1488,11769,1.0,0,2,3,8,1977,94016,576056
2,2.4,1343,10913,1.0,0,0,3,9,2015,95014,524255
1,3.8,3079,10870,1.5,0,2,2,12,2002,90001,1054564
5,1.4,2655,3684,2.0,0,1,4,4,1950,94016,702107
4,3.4,2546,3044,2.0,0,3,4,3,2001,90001,785228
3,1.7,535,7751,2.0,0,0,1,8,2019,94102,382905
5,2.9,827,2602,1.0,0,3,2,2,1959,92717,388511
1,3.3,860,15265,2.0,0,1,3,7,1963,92717,465799
2,3.1,2475,10773,1.5,0,3,5,12,1967,95014,943544
3,2.3,3721,10184,2.0,0,1,1,12,2005,95014,1131620
3,3.8,1176,15279,1.0,0,4,3,5,1986,95014,545340
3,1.5,1007,8943,1.0,0,0,2,6,1966,94102,416279
3,3.2,2732,2536,1.0,0,2,4,1,1971,94102,723238
4,1.8,1482,15951,2.0,0,3,4,9,1968,92717,593139
3,3.1,3118,5995,1.0,0,1,4,8,2003,92717,958909
2,1.6,3846,3023,1.5,0,0,1,3,2008,94102,958283
1,1.1,2360,16516,1.5,0,0,4,10,1959,94102,717290
5,3.4,1165,8726,1.0,0,2,3,8,1952,94102,577306
2,3.5,3159,17004,2.0,0,3,5,11,1974,94102,1038112
2,1.5,3884,9481,1.0,0,0,5,9,1986,94016,1070033
3,3.4,3764,18290,1.5,0,3,5,1,1971,92717,981670
1,2.0,3068,13160,2.0,0,1,2,8,1966,92717,891377
4,2.7,3092,6366,2.0,0,3,4,4,1988,94016,907166
2,2.8,658,16237,1.5,0,4,4,12,1984,92717,464235
4,3.7,1973,4412,1.5,0,1,1,9,2015,94016,648539
4,2.7,962,14618,1.0,0,1,4,10,2016,94102,500195
4,3.6,1073,16100,1.0,1,0,4,5,2005,94102,623756
2,2.3,1576,12305,2.0,0,4,1,3,1994,95014,513202
2,3.0,2115,12071,1.0,0,3,5,3,1984,92717,671935
2,1.6,1154,10886,1.5,0,4,3,5,1951,94016,462743
4,3.1,898,17487,2.0,0,4,5,11,1951,94102,573249
2,3.8,749,9927,1.0,0,2,2,3,1989,95014,342910
2,2.3,3233,12792,1.0,0,0,2,1,2009,94016,838215
3,2.9,1103,17445,1.0,0,2,1,8,1971,94016,555285
2,2.6,747,9911,1.5,0,3,5,10,1967,94102,456598
1,1.0,2167,18637,1.5,0,4,1,2,1983,94102,631256
1,3.7,2446,3624,1.0,0,3,4,8,2015,94016,825379
5,3.4,1028,16597,2.0,0,0,5,2,1984,92717,449703
3,2.2,2827,18138,1.5,1,4,3,7,2002,95014,1011874
4,1.3,3042,2411,1.0,1,1,4,10,1969,95014,997762
1,2.1,2668,4189,1.0,0,2,5,12,2007,90001,922506
5,2.6,3829,1454,1.5,0,1,2,11,1980,94016,1174988
3,1.7,1883,16489,1.0,0,2,1,3,1974,94016,571485
3,3.5,2920,11717,2.0,0,2,3,7,1991,94102,911282
2,1.9,3589,7536,2.0,0,3,1,7,1974,94102,1027012
1,1.6,2083,1290,2.0,0,4,3,4,1963,95014,641910
1,1.5,3766,14405,2.0,1,4,5,4,1999,94016,1125568
3,3.2,2099,4947,1.0,0,4,1,7,2012,95014,767518
5,2.6,3940,15972,1.5,0,4,2,4,1999,94102,1114922
2,3.1,1800,7180,2.0,0,2,1,12,2001,94016,782275
2,1.9,664,16653,1.0,1,4,3,7,1974,94016,504400
4,2.2,698,16889,1.0,0,4,1,12,1992,94016,550037
3,3.7,1995,3113,1.0,0,4,3,5,1968,94016,738692
5,2.0,1610,16237,1.0,0,3,4,10,2009,94016,720385
3,3.7,1266,11245,1.0,0,2,4,3,1962,94102,522704
2,3.9,801,8046,1.0,0,2,3,5,2011,90001,437684
1,1.1,1141,3580,1.5,0,4,1,2,1990,92717,409065
4,2.5,2931,9777,1.0,0,1,1,7,2007,94102,888341
2,2.9,3421,18898,2.0,0,4,5,1,2011,94016,900609
4,1.0,1759,13718,2.0,0,0,2,3,1988,90001,461428
1,2.1,1012,7573,2.0,0,1,5,12,1998,94016,485755
1,1.1,3434,13281,1.5,0,3,1,4,1956,92717,856696
2,2.8,1353,19251,2.0,0,3,5,5,1988,94102,513900
5,2.4,1186,13427,1.0,0,0,1,9,1955,94016,427088
4,1.8,1648,15664,1.5,0,0,5,4,2004,94016,581146
3,3.3,3670,16871,2.0,0,3,2,7,2006,94102,1051834
3,2.6,3101,15890,1.5,1,3,1,1,1977,92717,961028
1,2.0,519,14836,1.5,0,2,5,9,1970,95014,303993
3,3.8,1089,14035,1.5,0,3,2,1,1973,94016,408480
4,3.9,1977,1622,1.0,0,4,2,7,1976,94016,702248
3,1.5,1949,17790,1.5,0,3,2,3,2000,94102,577676
1,3.9,2098,5044,1.5,0,2,1,6,1963,94102,634160
3,2.8,1095,18235,1.0,1,0,3,3,2010,95014,573495
2,3.6,3985,1807,1.0,1,4,5,3,1996,90001,1185036
1,1.9,2117,16316,2.0,1,2,2,3,1999,90001,672892
4,1.1,1268,3525,1.0,0,0,2,2,1994,94016,368694
2,1.0,957,7027,1.5,0,2,3,5,1951,94016,322743
4,2.3,563,11455,1.0,0,0,5,9,1991,90001,446759
1,1.0,2945,9097,2.0,0,3,3,7,2017,95014,895335
3,2.3,2535,6965,2.0,0,0,4,10,1993,95014,793792
4,3.2,3981,1876,1.0,0,3,4,2,1989,90001,1025042
4,3.0,638,8635,1.5,0,4,3,1,1976,94016,361671
5,3.2,3224,6164,2.0,0,1,4,9,1961,92717,943547
1,2.8,3343,6199,1.5,0,0,3,5,1997,92717,918907
1,3.9,2266,18570,1.0,0,4,3,10,2009,94016,827091
1,1.7,3190,1608,1.5,0,0,1,11,1967,90001,906993
4,3.7,2364,11183,1.5,0,0,3,9,1971,90001,770386
2,3.9,3560,6890,1.5,0,2,3,9,2017,94102,1068515
1,1.0,2692,16363,2.0,0,2,1,5,1976,94102,765142
3,2.3,917,10787,1.0,0,0,4,12,1989,94102,474778
2,3.0,2026,16297,1.5,0,0,2,1,1982,95014,583574
4,2.8,2466,10314,2.0,0,4,2,12,1993,92717,946869
1,4.0,3309,19703,1.5,0,1,4,12,1975,95014,995933
5,3.0,3730,19109,1.5,1,3,1,3,1975,94102,1173226
1,2.9,508,14963,2.0,1,0,5,7,2017,90001,488306
5,3.8,1213,9375,2.0,0,0,1,5,1951,90001,551641
2,3.7,2445,4027,2.0,0,3,2,12,1999,94016,937240
4,3.5,1733,8673,1.5,0,2,4,9,2019,94102,783910
2,2.2,3811,15693,1.0,0,0,5,12,1960,94016,1097956
1,3.1,2148,12991,1.0,0,2,4,11,1957,95014,829647
1,3.9,2898,9769,1.0,0,0,4,1,1988,94102,778514
2,1.7,3085,14800,1.0,0,2,5,3,1959,92717,870200
5,2.5,3519,14776,1.5,0,1,5,5,2007,94102,1002929
2,3.3,1116,15996,2.0,0,3,2,7,1950,95014,456145
5,2.8,2730,8141,2.0,0,1,3,8,1999,94102,895448
4,3.4,3114,17668,2.0,0,1,1,8,1987,94102,974351
5,1.8,657,17319,2.0,1,0,1,3,1975,95014,440816
1,1.4,1805,19356,2.0,0,2,2,3,1955,92717,577019
1,2.4,1186,13516,1.0,0,1,4,10,1989,94016,504932
5,3.0,3417,15100,1.0,0,3,4,12,1976,90001,1091750
1,2.8,1262,8408,1.5,0,0,5,9,1958,94102,470000
4,2.8,3298,12201,2.0,0,3,3,9,1985,92717,1013862
2,1.3,1138,2862,2.0,0,4,5,12,1974,92717,556093
5,2.5,2665,19215,1.5,0,0,1,12,1979,94102,854122
3,1.6,3877,11618,1.5,0,4,1,6,1955,94016,1054685
1,3.1,3885,12215,1.5,0,4,2,7,1956,95014,1133002
1,2.7,1916,6040,1.5,0,1,5,11,1966,90001,716747
2,2.8,2334,4232,1.5,0,3,4,3,1978,90001,698838
2,2.8,3388,2105,1.0,0,2,4,10,2011,95014,1029426
5,1.9,3926,10371,1.5,0,3,3,11,1996,94016,1127159
3,1.3,3070,10354,1.0,0,2,3,2,2020,90001,812111
4,2.2,2897,12480,2.0,0,3,1,7,2000,94016,859283
3,1.9,1520,11764,1.0,0,2,5,7,2018,92717,596511
3,2.7,1880,12063,1.0,0,1,4,8,1981,92717,643409
3,1.7,2539,15674,1.0,0,4,3,8,1965,92717,772413
4,1.7,3814,8478,2.0,0,3,1,2,2019,94016,968917
2,2.0,2589,13221,1.5,0,1,1,3,1954,92717,704213
4,1.5,2531,7477,1.0,0,4,5,5,1956,92717,692891
2,2.2,3878,16075,2.0,0,0,3,12,1983,95014,1136321
4,3.5,1444,19143,1.0,0,4,1,8,1957,94016,697168
3,3.6,3880,18278,1.0,0,0,2,10,1958,90001,1133458
4,1.3,745,5037,1.0,0,2,4,7,1986,90001,368247
2,2.0,3437,11957,1.0,0,0,2,2,1997,90001,854973
2,2.8,3884,8235,2.0,0,3,1,10,2001,95014,1208592
1,1.7,3292,6924,1.0,0,1,5,11,1969,94102,1034100
1,3.8,3775,14000,1.0,0,4,5,7,1954,94016,1079182
3,3.1,3485,19740,1.5,0,3,5,3,2006,94102,1026364
4,1.7,1802,4181,1.0,0,2,2,8,1972,92717,682612
3,1.3,1011,12010,1.0,0,2,5,6,1974,95014,376198
2,1.2,2836,10938,1.5,1,0,5,12,2008,92717,1016420
4,1.6,2670,2164,2.0,0,3,1,7,1992,94016,823049
3,2.2,2274,18570,1.5,0,3,3,8,1960,94016,743459
3,3.3,3354,16353,2.0,0,0,3,8,1954,92717,959804
2,1.4,3757,15253,1.0,0,3,4,2,1964,95014,962873
2,1.1,3205,1357,1.5,0,2,3,3,1998,90001,862520
3,3.7,1996,6889,2.0,0,3,1,3,2009,92717,762445
5,2.0,3540,17918,1.0,0,1,4,2,1967,94016,923440
5,2.0,1247,7393,2.0,0,1,4,10,2006,92717,655266
3,2.6,2897,4974,1.0,0,4,5,7,2009,94102,930533
4,2.3,1445,9015,1.0,0,2,4,4,2006,90001,524366
5,1.9,1947,13537,2.0,0,0,5,10,1987,94102,723539
1,3.1,1342,6097,1.5,1,3,3,8,1957,90001,689567
3,3.4,1514,2700,1.0,0,2,1,7,1978,92717,587070
1,3.5,2489,4083,1.5,0,0,1,3,2015,94016,658570
3,3.3,3677,7217,1.0,0,1,2,6,1991,92717,979326
5,3.1,2667,1055,1.0,0,2,5,7,2018,94016,845120
4,1.6,3901,15717,1.5,0,4,2,8,1958,90001,1112218
4,3.2,2742,7325,2.0,1,4,3,11,1962,90001,1119099
1,1.8,1709,2324,1.5,0,0,1,12,1999,92717,598479
1,3.2,2209,15499,1.0,1,2,3,9,1975,94102,879153
3,1.3,3163,17360,1.5,0,4,2,12,1985,92717,1028182
1,2.3,3361,19888,1.0,0,4,2,12,2014,94102,1074556
1,2.2,2902,14260,1.5,0,4,3,5,1970,94016,822305
5,1.1,693,15896,2.0,1,2,1,4,1992,94016,526438
4,3.7,3588,8497,2.0,0,4,1,3,1998,94102,981561
3,3.0,2359,6210,1.5,1,4,3,11,1968,94016,1056509
5,3.3,3228,19370,1.5,0,2,3,11,1995,90001,1010170
4,3.0,3303,16455,1.0,0,3,3,8,1957,92717,1016174
4,2.0,3158,17284,2.0,1,3,3,6,1983,92717,1144458
2,2.5,1763,4059,1.5,0,0,2,8,2019,94016,623801
2,1.4,1790,16168,2.0,0,1,3,10,2000,95014,695243
1,1.5,3880,12795,1.0,0,3,4,11,1956,92717,1094509
1,2.0,2675,7217,1.0,0,4,3,10,1996,90001,900540
2,2.9,1686,9160,2.0,1,4,2,10,2012,95014,836719
5,2.8,1145,8225,2.0,1,2,3,3,1999,95014,606439
3,3.3,758,16115,1.5,1,4,4,3,2002,92717,509591
5,2.6,2204,7910,1.5,0,3,1,5,2003,94016,778789
4,3.0,1894,1085,1.0,0,2,5,8,2000,94016,692809
4,1.1,3326,7862,2.0,0,2,2,2,1963,90001,823191
5,3.8,2119,1365,2.0,0,0,3,9,2001,95014,734781
1,3.5,2852,1717,1.5,0,3,1,7,1952,90001,934078
4,3.8,3641,13382,1.0,0,0,5,5,1959,90001,1035490
5,1.5,1968,13567,2.0,0,1,5,12,2002,92717,842283
2,1.4,1664,14674,2.0,0,0,2,3,1952,95014,472345
3,2.6,3060,14568,2.0,1,0,2,12,1969,95014,1159567
5,3.5,1605,4994,2.0,0,1,3,6,1985,94016,582183
3,3.2,3363,10508,1.5,0,1,4,11,2017,94016,1017965
1,1.8,876,3370,1.0,0,3,1,10,1994,94102,466890
5,2.4,1927,5700,2.0,0,2,2,12,1961,90001,728472
1,1.7,3922,5681,1.5,0,2,2,10,1979,90001,1167977
4,2.7,848,19498,2.0,0,1,2,7,1977,95014,456331
3,2.7,1455,14332,2.0,0,1,4,1,2003,90001,456478
3,1.2,1740,9656,1.5,0,2,2,3,1953,94102,485488
4,2.9,3673,8241,1.5,0,1,1,1,1987,92717,961913
5,1.3,2573,5194,1.0,1,4,1,2,2012,94102,935039
2,1.1,2937,16480,1.5,0,0,3,2,1969,90001,721509
2,3.6,2993,16009,1.5,0,4,1,9,1995,90001,936909
3,1.7,2116,9432,2.0,0,3,5,4,1987,94102,709339
5,2.4,2579,1347,1.0,0,3,4,1,2003,95014,699685
3,3.8,2002,12227,2.0,0,3,1,6,1993,92717,671410
3,2.9,2855,13569,2.0,0,4,2,11,1971,95014,922871
1,2.1,1910,4442,2.0,1,1,5,3,1977,95014,748020
2,3.6,1703,4822,1.5,0,0,5,6,2010,90001,586937
5,1.6,757,16145,2.0,0,1,4,9,1977,90001,462739
3,2.5,2727,3512,1.0,0,4,4,2,1984,90001,785584
5,2.7,3877,6570,1.0,0,1,4,1,1961,95014,943198
5,2.8,3774,17684,2.0,0,3,4,7,1960,94102,1095344
5,1.1,638,17565,1.5,0,2,1,11,2020,95014,493543
2,2.1,2584,16403,1.0,0,2,1,4,1991,90001,750433
4,2.5,1915,17763,1.5,1,3,3,10,1973,92717,852474
2,2.4,2615,7676,1.5,0,2,2,11,1998,94102,839511
5,3.5,533,8429,1.0,0,4,1,9,2004,94016,530536
2,3.2,3377,6990,2.0,0,4,2,1,1966,90001,825556
1,3.8,2950,10338,2.0,0,3,1,7,2011,94102,998486
2,1.7,1008,6327,1.5,0,3,5,3,1988,95014,409708
5,1.5,1473,15663,1.0,0,3,3,9,1971,94102,560706
2,1.6,2403,3404,1.5,0,1,4,10,1973,94016,748413
1,3.0,3834,14473,2.0,0,2,1,5,2019,90001,1075681
1,1.8,2818,7727,1.5,0,0,4,2,1996,94102,725012
2,3.0,3629,18102,2.0,1,3,4,6,2006,90001,1171805
5,3.1,723,9007,2.0,0,1,1,5,1952,90001,387932
5,1.2,2323,17323,1.5,0,0,5,1,2000,94102,675990
3,3.2,665,7663,1.0,0,2,2,11,2003,95014,436583
5,1.9,1939,16769,1.0,0,2,1,1,2014,94016,618081
4,1.7,2619,9815,1.0,0,1,4,6,1954,90001,786009
5,1.8,2732,16488,2.0,0,2,1,2,1952,94016,739291
4,3.7,3864,19669,1.5,0,3,3,9,1986,92717,1254231
4,2.8,1758,10788,1.0,0,0,3,5,1951,92717,579266
3,2.9,3758,1226,2.0,0,1,1,5,1994,92717,1052368
3,1.7,659,3482,1.0,0,1,3,8,2011,94016,442587
5,2.1,1902,7148,1.5,0,3,1,10,2000,90001,674876
5,3.4,1707,11175,2.0,0,2,4,3,1956,95014,568119
4,2.0,849,19672,2.0,0,2,4,9,1953,94102,495760
3,3.4,1241,10893,1.5,0,4,1,11,1965,94102,615935
3,1.6,3288,19708,1.0,0,2,4,2,1962,90001,904874
5,3.2,1573,13177,2.0,0,3,3,7,1971,94102,655873
1,1.4,2661,9845,1.0,0,2,2,7,1959,94016,815645
1,3.5,3035,1833,1.5,0,1,4,4,2005,94016,842797
1,3.0,2255,1151,1.0,0,1,3,7,1982,94102,643914
3,3.9,1136,9000,1.0,0,3,2,4,2014,92717,517804
1,1.1,605,3515,2.0,0,1,3,2,1958,94016,211166
1,1.4,2424,3672,1.0,0,4,3,2,2003,92717,675480
5,1.1,1978,13773,2.0,0,4,5,12,1965,92717,756559
5,1.1,1601,12904,1.0,0,3,1,8,1989,90001,636136
2,3.5,3565,16138,2.0,0,1,4,12,1979,94102,1147843
1,2.9,3648,11975,1.5,0,1,3,7,2004,95014,1011068
4,2.9,579,1503,1.5,0,2,3,11,2004,94102,450908
1,2.1,3568,16192,1.0,0,3,2,7,1958,94102,1018486
1,1.2,720,9127,1.0,0,2,5,5,2005,94102,322643
1,2.3,2753,13293,2.0,0,1,5,1,1970,90001,646161
1,1.5,2267,12716,2.0,0,4,2,1,1975,94016,603412
5,3.8,689,19789,1.5,0,2,3,8,1992,94102,444865
5,3.6,1486,16634,2.0,0,3,3,10,1972,95014,692453
1,1.9,3403,3941,1.0,0,4,2,1,1960,95014,858954
2,1.1,1357,14962,1.5,0,3,2,5,1978,95014,474904
2,1.1,2116,14339,2.0,0,0,3,6,2015,90001,611568
1,2.6,1035,13373,1.0,0,0,4,6,2016,94102,418205
4,3.5,1727,17535,2.0,0,4,1,4,1958,95014,539839
5,2.0,3646,11011,1.5,0,4,5,6,2009,94102,1013256
3,3.0,1552,13576,1.5,0,1,3,9,1995,94016,625277
4,3.6,3309,5904,1.0,0,4,3,1,1998,94016,914955
5,2.9,716,13239,1.5,0,4,3,2,2015,90001,383755
3,1.0,3447,2295,1.5,0,4,4,8,1990,90001,972264
2,2.7,1595,11863,1.0,0,3,2,8,1975,94016,663402
2,1.5,1136,10239,2.0,0,2,5,9,1968,90001,501027
5,3.4,2491,1138,1.0,0,1,5,4,2013,95014,727645
5,2.2,3856,4576,1.5,1,4,1,3,1967,94102,1143468
3,2.3,1951,3402,1.0,0,3,4,1,2008,92717,644395
2,1.9,1706,7794,2.0,0,0,5,3,2014,94102,543728
4,1.7,991,2526,2.0,0,0,1,1,1994,90001,385484
2,1.5,2892,8787,1.5,0,2,3,7,1980,94016,927338
3,2.2,1341,6254,1.5,1,0,3,4,2004,94016,685834
2,2.6,2121,7581,1.5,0,2,4,5,1953,95014,735578
4,3.7,1335,18579,2.0,0,4,2,11,1988,94016,711467
2,2.2,1808,2904,2.0,0,0,3,2,2008,92717,544351
4,2.0,2465,13321,2.0,1,1,5,11,1986,94016,970187
1,3.5,3376,18179,1.0,0,4,3,8,1987,94016,1046641
4,3.1,1433,15244,2.0,0,4,4,1,2007,95014,542741
4,1.3,1489,2695,1.5,0,0,5,2,1980,92717,443688
5,3.1,3247,11058,1.5,0,1,1,9,1952,94102,935183
2,3.9,855,6777,1.0,0,1,5,9,1992,90001,458051
2,2.5,1055,18244,2.0,0,4,5,2,2010,95014,459189
5,2.5,2957,19657,1.5,1,0,3,6,1975,90001,1040091
2,3.2,2598,2279,1.5,0,2,3,8,2000,94016,827869
1,1.6,1033,19850,1.0,0,4,3,5,1982,94016,428894
3,2.1,684,12864,2.0,0,0,1,3,1971,90001,252503
2,2.0,2143,9209,2.0,0,0,5,8,1983,90001,682160
4,4.0,3321,10773,1.0,0,3,3,1,1997,94016,893508
1,1.5,3947,4228,1.5,0,2,3,4,1968,94016,974258
4,1.5,2561,2728,1.5,0,3,4,3,1999,92717,773441
4,2.4,2159,10386,2.0,0,1,5,12,1982,94102,756865
1,1.8,1118,8740,2.0,0,2,2,10,1951,95014,516692
1,3.6,1353,8221,1.5,0,3,3,11,1994,90001,618702
2,2.3,3266,2749,2.0,0,2,5,11,1999,94016,1010041
3,3.1,1316,9525,2.0,0,1,3,4,1963,92717,476622
4,3.5,2474,4508,1.0,0,2,1,10,1998,95014,897329
4,1.8,3990,15818,1.5,1,0,4,2,1991,94102,1116892
1,3.2,2998,4645,1.0,0,3,1,5,1988,92717,850728
3,2.2,2833,3276,1.5,0,3,2,1,1953,92717,795312
4,1.8,2587,15333,2.0,0,2,1,10,1972,94016,857697
1,3.7,515,15191,1.5,0,0,3,2,1981,92717,267403
2,2.7,2884,7596,2.0,0,4,2,12,1977,90001,849289
2,2.5,1969,9587,1.0,0,3,3,12,1997,94102,807027
5,1.5,1174,19013,2.0,0,3,5,2,2016,92717,423655
5,3.7,798,13980,2.0,0,0,2,1,1953,92717,323606
2,2.9,943,8811,2.0,0,2,5,3,2000,90001,423097
1,3.8,3381,8996,1.0,0,2,5,1,1984,94102,855877
1,1.1,1088,8258,2.0,0,3,1,7,1984,94016,472953
5,1.3,2620,15378,2.0,0,0,4,1,2020,92717,720042
3,3.6,2028,10915,1.0,0,0,3,7,1967,95014,680116
2,2.4,3047,8418,1.0,0,2,5,9,1972,90001,937361
3,2.4,2493,16627,1.5,0,3,3,4,1969,90001,798882
5,1.7,2287,18895,1.0,0,3,5,11,1986,90001,789500
3,2.5,2176,15186,1.0,0,0,1,10,1984,94016,700480
1,2.3,3907,18165,2.0,0,2,3,4,1962,94016,964672
4,3.2,2825,19635,1.5,0,0,1,11,2001,90001,946147
4,2.9,1245,7248,1.5,0,1,1,8,2003,92717,615479
3,3.4,2247,18485,1.0,0,0,5,3,2009,90001,642632
4,3.3,1874,17642,2.0,0,2,4,3,1978,95014,687240
3,2.3,2116,4180,1.5,0,1,4,1,1966,90001,602634
2,1.9,3009,10396,2.0,0,4,5,10,1960,92717,936796
5,2.0,1196,13765,1.0,0,1,5,12,1994,94016,675386
3,4.0,862,11568,1.5,0,3,3,8,2003,90001,429932
1,2.2,1575,17183,1.0,0,3,1,5,1964,94102,546031
5,3.3,2906,9066,1.5,0,0,1,10,1968,94102,928728
1,1.2,853,12242,1.0,0,4,1,12,1978,95014,547239
4,2.3,2759,19896,1.5,0,2,2,7,1999,95014,872996
2,2.0,958,8924,2.0,0,3,4,4,1964,94102,360701
4,1.5,2193,1429,2.0,0,1,3,12,1967,94016,766978
2,1.1,1810,15509,1.5,0,2,1,10,2016,90001,730251
3,1.8,2104,9067,2.0,0,1,5,12,2001,94102,782969
5,3.4,2380,7655,1.0,0,4,1,11,1981,94016,958190
1,1.9,1087,15937,1.5,0,2,5,9,1971,92717,551090
3,3.6,819,6374,1.0,0,3,3,9,1977,94102,487444
1,2.7,1226,8363,1.5,0,4,1,9,1996,90001,577866
2,3.4,2851,13157,1.0,0,1,4,12,1961,94102,985679
1,4.0,2788,15683,1.0,0,0,3,11,1987,90001,919452
4,2.9,1680,9712,2.0,0,1,1,4,1975,90001,553752
1,2.0,3977,2627,2.0,0,1,2,5,1996,94016,972216
2,1.9,1132,5572,1.0,0,3,1,8,1997,94016,512861
1,3.9,2310,17423,1.0,0,1,5,7,1984,95014,794355
5,3.1,2171,6762,2.0,0,2,1,5,1989,94016,745644
2,2.5,2255,13651,1.5,0,1,1,10,1950,95014,764550
5,1.6,2351,15378,1.5,0,1,3,8,2018,90001,824330
3,2.5,2754,17913,1.0,0,3,1,11,2002,94102,958208
5,3.3,2159,15630,2.0,0,0,4,10,1977,92717,819100
3,3.9,795,16714,2.0,0,4,2,5,1979,90001,435906
2,3.0,2533,16645,1.0,0,1,5,12,1998,92717,834024
1,1.1,3761,3471,2.0,0,0,4,10,1994,94102,1020052
2,2.4,879,5371,1.5,0,4,3,3,1965,94102,381179
4,3.5,910,5937,1.0,0,2,4,7,1990,92717,456807
2,2.5,1621,2198,1.0,0,1,4,5,1973,92717,553413
2,2.0,1375,12669,1.5,0,3,3,4,2014,92717,467797
4,3.6,1827,1912,2.0,0,3,3,12,1979,94102,783313
4,2.7,2772,4399,1.0,0,3,1,7,2009,95014,813781
2,2.5,800,16359,1.5,1,2,3,5,1970,94016,552360
4,2.5,932,19242,1.0,0,4,3,7,2014,94102,518165
2,3.0,2165,12578,2.0,0,1,5,11,2000,94016,881725
2,2.4,567,12224,1.5,0,1,2,10,1980,94016,432474
4,2.7,3676,3195,1.5,0,3,4,4,2010,94102,976928
3,1.9,2718,10810,1.5,0,1,3,9,1970,94102,831703
4,1.5,3075,9680,1.0,0,1,2,5,1987,92717,841473
1,3.5,1686,16549,2.0,0,3,3,12,2005,90001,799659
3,2.0,3790,6184,1.5,0,4,1,3,1987,92717,1084016
1,1.4,3134,10820,1.0,0,0,2,9,1958,95014,872693
4,1.6,3142,3031,1.5,0,2,4,3,1986,95014,817155
4,2.2,1860,12879,1.5,0,3,3,9,1973,95014,725187
2,1.9,3682,19793,1.0,0,3,3,3,1987,95014,930065
1,3.1,1150,2925,1.5,0,0,4,2,2011,94102,390182
4,2.0,2630,12576,1.0,1,1,3,10,1994,90001,1052720
4,2.8,1189,8513,1.5,1,0,3,2,1970,90001,581471
4,1.5,1663,18860,1.5,0,3,2,9,1976,92717,638397
1,1.4,3357,19834,1.0,0,0,1,10,1950,94102,900428
4,3.7,1620,13954,1.0,0,2,5,6,1979,94016,568254
5,3.6,644,16521,1.0,0,3,5,2,1983,95014,281002
5,3.7,3209,10255,1.0,0,3,1,3,1951,94016,918347
4,2.5,3041,17482,1.5,0,1,4,7,1962,95014,955830
3,1.2,2389,13268,2.0,0,0,1,10,2005,94016,814223
1,1.9,2495,18714,1.0,0,4,2,12,1952,92717,817055
2,3.6,803,10719,2.0,0,0,3,4,1993,94016,377089
3,2.3,2031,14245,2.0,0,3,2,8,1999,92717,756527
5,2.0,760,19631,1.0,0,0,1,6,1980,94102,354374
1,1.9,2882,5518,1.0,0,4,1,12,1996,94016,937775
2,2.6,2723,5817,1.0,0,0,2,6,1961,95014,833662
5,2.4,1720,12328,1.5,0,1,5,6,1958,94102,607690
4,2.1,3643,16234,2.0,0,4,4,5,1989,95014,975025
4,2.3,3442,16390,1.0,0,3,2,10,1968,95014,1020053
2,1.8,3678,15311,2.0,0,0,4,11,1998,94016,1124264
1,1.6,3502,15744,2.0,0,2,3,9,2012,90001,982729
2,1.6,1758,10091,1.5,0,2,5,5,1990,94016,560526
2,1.1,3839,5924,1.5,0,1,3,1,1978,92717,862691
3,3.8,1028,8032,1.5,0,2,2,10,1971,95014,482642
4,3.9,3693,11338,1.0,0,2,2,2,1997,94102,1043078
4,1.3,2400,13108,1.0,0,3,5,11,2014,90001,876746
5,1.2,1012,13768,1.0,1,0,3,4,1969,94102,525297
3,2.2,3842,16701,2.0,0,1,5,3,2012,92717,954537
4,3.3,2229,10296,2.0,0,3,4,6,1980,94016,764095
3,3.5,3465,8130,2.0,0,4,5,12,2013,94016,1164825
1,1.1,3726,9398,1.0,0,4,5,11,1970,94016,1037559
3,1.8,581,19780,2.0,0,0,2,6,1984,95014,266561
4,2.6,1115,5316,1.0,0,3,3,11,1955,95014,641597
2,1.4,2342,3117,1.0,0,0,2,4,1987,94102,615302
1,3.9,1606,12997,1.0,0,3,1,1,2006,94016,536974
1,1.8,3492,18221,2.0,1,1,2,5,1965,90001,1096741
4,2.6,3275,16833,2.0,0,4,4,8,1961,95014,996887
3,1.3,3130,7697,1.0,0,0,5,9,1965,92717,953918
2,2.0,1395,15469,2.0,1,4,3,6,2015,92717,726336
4,1.4,2376,7757,1.5,0,0,3,11,1997,94016,801321
1,3.7,546,6552,2.0,0,4,3,5,1997,94016,388851
1,3.8,530,12682,2.0,0,4,1,4,1961,92717,286054
1,2.6,1450,5879,1.0,0,2,2,12,2017,92717,696397
1,2.0,3838,9596,1.5,0,3,4,12,1960,95014,1107207
1,2.0,2390,9111,1.0,0,0,4,7,1951,92717,733169
3,3.8,3046,9506,1.5,1,3,4,12,2016,94016,1210262
2,2.9,1953,16443,2.0,0,1,1,8,2007,95014,713614
3,2.2,2950,19907,2.0,0,1,1,3,2004,90001,784551
2,3.3,2738,6211,1.5,0,3,5,2,2019,92717,788112
3,2.6,2190,1091,2.0,0,4,1,9,1990,90001,723645
4,1.7,1636,4970,1.5,0,4,4,6,1985,94016,569344
1,1.7,1598,15917,1.0,0,1,2,12,2012,95014,626457
4,1.8,2207,3691,1.5,0,1,2,4,1981,94016,607919
2,1.0,1165,17983,1.5,0,4,1,6,1985,94016,462940
2,1.8,2818,10934,1.5,1,0,4,4,1952,90001,883001
5,2.8,1022,15064,1.5,0,1,2,9,1982,94102,550019
1,3.3,1287,13023,2.0,0,1,1,4,1954,90001,447785
1,1.3,3985,17107,1.5,0,4,2,1,2000,90001,979737
2,3.9,3907,7973,1.5,0,3,5,6,1989,94016,1100020
5,2.5,691,9379,1.0,0,3,2,9,2015,92717,468049
1,1.2,2033,3194,1.0,0,1,4,11,1958,94016,709261
1,3.8,3167,7094,2.0,0,2,1,6,2017,94016,934360
4,1.8,1784,6684,1.0,0,4,5,1,1992,94016,497252
3,1.9,2693,8653,1.0,0,3,4,4,1994,94102,816882
5,2.4,1097,8643,2.0,0,1,2,8,2010,95014,544042
2,2.0,3122,4614,2.0,0,3,5,11,1986,90001,946063
3,1.5,3395,19605,2.0,0,1,1,1,2010,94016,831263
4,1.4,2644,3162,1.5,0,0,5,3,1985,90001,781227
2,2.5,1256,10141,2.0,0,1,3,7,1957,90001,462479
2,1.2,3817,12875,1.5,0,3,4,8,1997,90001,1052966
4,3.1,3885,10349,1.0,0,1,1,2,1963,92717,991627
1,2.0,3849,6057,1.0,0,1,4,6,2002,94102,991526
1,4.0,2759,9910,1.5,0,2,2,4,1998,94016,836536
3,1.2,573,18438,1.0,0,0,5,4,1981,94102,235465
5,1.1,3885,2836,1.0,0,4,1,3,2018,95014,1034086
1,1.8,578,18467,2.0,0,4,2,8,1992,94102,366941
5,2.1,2800,8360,1.0,0,4,4,4,1985,95014,825321
2,3.4,653,17736,1.5,1,2,2,11,1955,94016,642285
4,3.5,679,5318,1.0,0,1,4,5,1973,94102,299753
3,3.2,3366,2520,1.0,1,4,4,4,1955,90001,1048104
1,3.5,3032,3511,1.0,0,3,1,6,1967,92717,910704
3,3.2,1596,10044,1.5,0,2,3,5,1976,90001,647395
5,3.6,648,12691,2.0,0,4,3,12,1989,94102,619032
4,2.4,938,11361,1.5,0,3,3,4,1976,95014,473733
5,1.8,975,7291,1.0,0,4,2,7,1984,90001,578776
3,2.9,2410,2139,1.0,0,0,3,10,1999,94102,777469
2,2.1,2037,7929,1.5,0,0,5,11,1960,94016,677106
2,1.2,3293,4208,1.5,0,1,1,5,1971,94016,949865
5,3.6,1304,6051,2.0,0,0,4,10,1985,90001,577902
4,3.5,620,14420,1.0,0,4,4,3,1954,92717,388935
5,2.5,3041,1285,2.0,0,4,5,2,1996,92717,819801
1,2.4,3642,12671,1.0,0,3,5,10,2019,94016,1134995
4,1.4,3717,6421,1.0,0,1,4,2,1991,94016,971021
4,1.4,2394,11709,1.5,0,4,2,9,2014,95014,889429
5,3.4,2279,19090,1.0,0,3,3,8,1982,94102,764906
4,3.6,3382,14339,2.0,0,4,1,5,1996,92717,980403
2,1.0,2118,8267,2.0,0,1,3,4,1961,95014,557944
3,3.4,804,12770,2.0,0,1,5,6,1970,94102,352057
2,2.6,2666,8736,1.5,0,3,3,3,1963,94102,710546
4,2.3,2002,19148,1.0,0,2,3,1,1964,90001,604522
3,2.4,3964,5486,1.5,0,0,3,9,2010,94102,1123284
1,3.1,2442,12399,1.0,0,4,4,11,2000,95014,835795
5,1.0,1220,5631,1.0,0,2,1,6,2003,94102,561763
4,1.2,3841,9898,1.0,1,2,1,3,2016,95014,1135717
5,3.5,1763,6164,2.0,0,3,3,10,1958,90001,738497
3,4.0,3575,10927,2.0,0,4,3,4,2007,94102,1085797
5,1.7,3526,14500,1.5,0,0,1,6,2019,94016,1052598
4,2.2,2160,12040,1.5,0,1,2,11,1997,92717,831061
4,3.1,1286,2373,1.5,0,2,3,1,1961,90001,363859
2,3.0,1234,8834,1.5,0,1,3,2,2017,94016,439473
5,3.4,2778,4574,1.0,0,4,2,8,1956,94016,913410
5,3.7,3756,9875,2.0,1,4,3,3,2001,94016,1121257
2,1.8,3310,9452,1.0,0,2,1,8,1988,92717,914119
2,2.6,3010,16544,1.5,0,0,4,11,1968,94016,858716
5,1.4,580,13251,1.5,0,2,2,8,2013,90001,335419
3,3.9,899,9841,1.5,0,0,4,4,1965,94102,414477
3,3.3,3169,17173,1.5,0,3,5,11,1997,92717,1049123
1,1.6,2028,17424,2.0,0,1,1,12,2002,94016,679241
2,3.2,3160,13363,1.5,0,2,4,11,1959,94102,992325
3,3.4,961,9640,2.0,0,4,2,12,2019,92717,589228
4,1.4,3447,13872,2.0,0,2,2,10,2018,92717,1079603
4,2.5,772,4414,2.0,1,1,3,11,2009,90001,657193
2,3.5,3697,12392,1.5,0,4,4,8,1961,94016,1072957
4,2.0,1555,8383,1.5,0,4,2,1,2013,95014,532929
1,1.2,697,12554,2.0,0,3,2,4,1973,92717,363733
4,2.0,2344,6127,1.0,0,0,4,11,1981,95014,790580
1,3.3,3832,16019,1.5,0,1,3,2,2016,95014,1033563
5,1.3,1464,6541,1.5,0,3,1,2,1954,92717,470225
4,1.9,3272,11193,1.5,0,3,5,10,1975,90001,1017966
4,3.6,3391,9123,2.0,0,2,5,7,1960,90001,986927
3,1.5,718,11901,2.0,0,1,3,2,1986,90001,330482
5,2.2,2260,4759,1.5,0,2,4,4,2009,95014,734781
2,2.7,2371,1629,2.0,0,3,4,10,2004,90001,775631
2,1.5,2254,16049,1.0,0,1,2,7,1992,94016,744032
1,3.1,3517,17887,1.0,0,3,2,1,2012,90001,866280
4,3.3,2859,15967,1.5,0,1,1,8,2003,90001,927802
4,2.9,1154,5892,1.0,0,2,4,2,1971,94102,349772
4,3.6,2555,3960,2.0,0,3,5,4,2020,94102,859635
3,1.4,634,7794,1.0,0,0,1,7,1973,95014,383471
2,1.0,1550,2648,1.0,0,1,2,12,1983,95014,713619
4,1.8,2506,4595,1.5,0,1,5,12,2000,94102,868194
5,3.5,1482,7510,2.0,0,1,4,5,1995,94102,517937
2,1.4,1724,3830,1.5,0,0,1,12,2003,94016,671421
5,3.3,3336,14491,1.0,0,1,5,9,2014,94102,1047607
5,3.8,2379,4279,1.0,0,4,5,4,1988,90001,776662
1,2.7,3397,1502,1.0,0,1,3,12,1951,90001,971206
1,3.6,965,5736,1.5,0,3,1,2,2020,90001,445849
3,1.7,3684,7703,2.0,0,0,3,11,1988,94016,1088557
3,3.2,1970,10960,1.0,0,4,5,8,1989,90001,665060
3,3.3,1337,18259,1.0,0,1,4,6,1965,94102,496245
1,2.5,3911,10249,1.5,0,1,1,3,1980,95014,994887
4,2.8,1822,15289,1.5,0,0,5,12,1950,94016,684874
2,1.3,858,12502,1.0,0,3,5,3,1974,90001,352271
2,1.8,507,7188,1.5,0,1,2,9,1996,92717,341703
1,1.2,2525,8107,1.0,0,4,2,3,1999,90001,703669
3,1.7,1657,18683,1.5,0,0,1,4,1995,95014,452922
3,3.7,3582,17749,1.5,0,3,3,7,1976,95014,990073
2,1.1,2792,17850,1.0,0,3,3,4,1965,90001,791568
4,2.5,3597,3877,1.0,0,3,1,6,1968,92717,1062119
4,2.6,1479,8133,1.0,0,1,1,11,1972,94016,643995
4,1.9,3595,7446,1.5,0,0,3,3,1961,94016,896036
5,3.3,2747,18472,1.0,0,2,3,9,2017,90001,1026019
1,2.8,1171,12401,1.0,0,4,2,7,1977,94102,490213
2,1.6,3250,18290,1.0,0,3,2,7,1970,95014,850065
5,2.4,892,7616,2.0,0,0,1,3,1982,92717,360777
3,1.1,1455,3586,2.0,0,2,5,7,1990,94102,602051
1,1.1,1418,9554,2.0,0,2,3,12,1978,94102,598172
1,3.2,3776,19427,1.0,1,4,4,10,2008,95014,1306197
4,1.5,2241,11689,1.5,0,1,3,8,1970,95014,719418
3,3.9,1000,19401,2.0,0,2,4,12,1959,92717,580091
5,2.1,1381,11627,2.0,0,3,5,3,1955,94102,437329
2,3.1,779,7158,1.5,0,1,4,9,1996,90001,460405
1,2.4,1205,11334,1.5,0,4,2,7,1976,90001,448677
5,2.2,1526,11669,2.0,0,1,3,6,2006,94016,563345
4,3.0,2915,11068,2.0,0,4,4,2,1976,95014,863859
3,2.9,2909,3356,1.0,0,0,4,4,1950,94102,766798
1,3.6,3712,10827,2.0,0,1,1,5,1967,90001,1013724
5,1.3,2306,16082,2.0,0,3,3,4,1960,94102,685087
1,2.5,1492,11605,1.5,0,0,5,3,2019,92717,491466
1,2.8,1850,2201,1.5,0,0,3,11,1977,92717,749170
1,2.9,1054,10645,1.5,0,3,3,4,2000,92717,406796
2,2.9,2024,9504,1.0,0,1,2,3,1955,94102,586218
4,2.1,2306,13685,1.5,0,1,2,6,1990,94016,636608
5,1.1,2302,17980,2.0,0,3,3,8,1968,90001,728709
3,3.1,3154,7634,2.0,0,4,3,1,1961,90001,841044
5,1.1,1846,16762,1.0,0,1,2,12,2008,94102,708127
4,2.4,510,10859,1.0,0,2,4,1,1979,95014,326301
5,3.2,1142,13161,1.0,0,0,4,1,2013,90001,449697
4,1.8,973,3322,1.5,0,4,5,10,1995,90001,605649
1,1.1,2050,9632,1.5,0,0,4,1,2010,92717,551503
5,1.3,1745,17687,1.0,0,0,3,4,1992,92717,541267
2,1.4,3862,10694,2.0,0,1,5,7,1959,90001,940604
2,3.0,3089,9630,1.5,0,0,1,3,2010,95014,826449
1,3.0,3380,18161,2.0,1,0,1,5,1961,94102,999874
3,3.9,3370,11301,1.5,1,4,1,11,2004,95014,1251572
1,2.0,3245,14767,2.0,0,4,3,4,2002,94016,981417
4,1.4,3979,8270,1.5,0,3,4,11,2012,94016,1206135
5,1.5,1576,7382,1.5,1,1,2,10,1999,92717,851220
2,1.1,766,16543,1.0,0,0,3,11,1980,94102,386162
4,3.5,3195,2075,2.0,0,3,3,3,1964,95014,887410
1,1.2,3612,12438,2.0,0,3,1,6,2017,90001,1028704
2,3.7,636,1815,1.0,0,0,2,8,2017,95014,407150
4,1.1,595,2605,2.0,0,1,1,8,1962,94102,344541
1,3.4,3098,7849,1.5,0,1,1,8,1963,90001,894114
1,1.6,1060,3750,1.5,0,1,4,6,1970,92717,403680
3,1.1,3240,8941,1.0,0,3,5,8,1974,90001,914645
2,3.1,1968,7876,2.0,0,4,4,7,1976,92717,710467
4,1.0,1270,1453,1.0,0,4,3,12,1989,90001,615652
3,1.9,3967,4407,1.5,0,4,3,3,2009,94016,1023064
5,1.2,1987,1707,2.0,0,4,4,9,2014,95014,746074
3,1.4,1527,18224,2.0,0,4,2,9,2016,92717,700977
1,1.4,2267,19962,1.0,0,3,4,5,2000,95014,696709
5,3.2,3992,19224,2.0,0,0,5,12,1982,95014,1262291
1,3.9,658,17578,2.0,0,1,1,3,1979,92717,345473
4,1.7,1368,14959,2.0,0,1,2,6,1974,94016,495882
3,2.2,3438,18459,2.0,0,0,1,11,2016,95014,1030371
4,2.1,3962,18536,1.0,0,4,2,11,1969,92717,1177040
3,1.8,3947,1000,1.0,0,1,3,4,1999,90001,1040430
4,3.1,1181,3903,1.5,0,0,3,1,1977,90001,406148
1,1.8,3270,5542,1.5,0,4,4,8,1953,92717,921670
5,2.5,1024,2014,1.5,0,0,5,1,1957,94016,382782
5,1.4,3046,4092,1.5,0,4,1,4,2005,94016,881707
5,3.5,3046,11962,1.5,0,0,3,5,1999,94016,869744
1,3.1,761,3778,1.5,0,2,1,11,1997,92717,528486
4,2.6,3503,10126,2.0,0,1,2,7,2003,94102,1030112
1,2.8,595,13498,1.5,0,3,5,4,1984,95014,294772
4,1.7,1326,14894,2.0,1,0,5,2,1992,94102,574389
4,3.5,1301,9575,2.0,0,1,4,9,1993,90001,617885
1,1.4,2061,11386,1.0,0,0,3,4,2013,90001,622540
4,3.6,3366,17500,1.0,0,0,2,7,1986,94016,960568
5,2.8,3908,19018,1.5,0,1,5,3,2002,94102,982817
4,3.8,3053,15290,1.5,0,0,2,1,1964,95014,817157
4,1.9,1701,1569,1.0,0,0,5,5,1962,94016,516330
2,3.8,3901,5086,1.0,0,0,5,12,2017,92717,1194640
5,2.9,3998,8145,1.0,0,4,5,2,2011,94016,1080824
5,1.0,2711,19102,1.0,0,3,2,11,1954,95014,856233
3,1.3,653,17362,1.5,0,2,2,2,1965,94102,229586
2,2.8,640,15973,2.0,1,4,3,10,1994,94102,611683
5,1.3,3281,6171,2.0,1,2,1,10,1965,95014,1081774
2,3.2,1537,10226,1.5,0,4,3,10,1987,95014,700224
5,3.0,3582,12618,2.0,0,3,3,12,1997,94102,1168383
3,1.6,1456,4360,1.5,0,4,3,3,2014,95014,457577
1,2.9,2821,13463,1.5,0,4,3,3,1994,92717,755926
2,2.7,3785,5960,2.0,0,1,1,11,2012,95014,1137241
2,1.7,1418,15198,1.0,0,0,5,9,1974,90001,500181
3,3.1,984,16255,1.5,0,0,4,10,1998,94102,560815
4,1.8,3562,11625,1.0,0,4,2,6,2008,94016,1060240
1,3.6,3578,8058,1.0,0,0,1,4,1985,94016,978737
2,2.2,565,3890,1.0,0,1,4,12,1962,90001,452755
1,2.5,2123,5703,1.0,0,0,4,4,1961,90001,587250
4,3.0,1886,1968,1.5,0,0,2,3,1973,94016,568116
4,3.6,3494,19775,1.0,0,1,2,8,2017,94102,1007776
3,2.4,3716,4827,2.0,0,1,3,1,2002,94016,983866
4,3.0,1318,14470,1.0,0,1,1,8,1975,90001,570181
5,2.8,3979,3422,1.0,0,3,3,12,1974,94102,1203977
4,1.2,3466,16304,1.0,0,1,2,7,1959,90001,1035859
4,2.9,598,6135,1.0,0,2,3,9,1998,94016,417189
2,1.1,2748,10977,2.0,0,0,1,9,1989,90001,892597
3,2.5,2162,15571,2.0,0,2,4,8,1955,94016,723419
5,1.3,3266,13593,2.0,0,3,1,4,2020,90001,928855
1,2.8,1545,2526,1.5,0,0,3,7,1984,92717,505614
3,3.2,1661,18037,1.0,0,4,3,1,1975,92717,553789
5,3.4,3166,16155,1.5,0,4,2,3,2000,95014,906548
5,2.8,2083,19904,1.5,0,4,4,3,1999,90001,698585
2,4.0,2353,10860,1.5,0,2,3,3,1977,90001,732747
2,2.1,613,7756,1.5,0,4,2,9,1992,94016,399246
5,1.0,3128,4260,2.0,1,2,3,11,1962,95014,1172358
1,3.5,3709,15611,2.0,0,3,1,2,2001,95014,964783
1,2.4,1430,4084,1.5,0,0,3,8,1957,94102,546689
1,2.6,1032,4556,2.0,0,1,4,8,2018,90001,502714
4,3.5,1278,17467,2.0,0,4,2,7,1962,94016,561178
3,1.8,1499,13859,2.0,0,1,2,12,2018,90001,634537
4,2.0,3952,15283,2.0,1,1,5,11,1995,90001,1314313
5,1.3,3687,3562,2.0,0,3,3,10,2013,94016,1120313
1,3.0,2806,3574,1.5,1,1,2,2,1957,94016,910599
1,1.6,1226,11647,1.0,0,3,2,2,2007,92717,431997
5,3.6,1888,4822,1.0,0,2,1,7,1993,94102,762396
3,2.8,3621,10185,1.0,0,1,5,7,2006,90001,1045573
5,3.7,2650,3061,1.0,0,3,2,5,1982,95014,838005
5,1.2,2382,15108,1.5,0,1,2,2,1983,95014,668773
1,4.0,2890,6176,2.0,0,4,3,8,1993,94102,984275
1,2.2,1385,3650,1.0,0,1,3,5,1986,90001,470478
3,2.6,3237,5324,2.0,0,0,1,2,1959,92717,833619
2,2.9,3870,5882,1.0,0,3,5,1,1981,95014,991953
1,2.5,508,8186,1.0,0,1,1,2,1976,95014,259299
2,2.6,631,17006,1.0,0,1,2,9,2006,90001,422704
1,2.3,3682,5796,2.0,0,2,2,11,1952,92717,1043987
3,1.6,3324,6067,1.5,0,1,4,7,1967,95014,967939
4,3.9,1212,6749,1.5,0,3,5,10,1971,90001,612077
1,3.4,3905,12251,2.0,0,1,3,8,2017,94016,1181655
5,2.8,1825,3609,1.0,0,3,4,5,2020,94102,694458
3,1.2,1758,15280,2.0,0,2,3,4,2014,92717,547747
2,3.7,602,17848,1.5,0,1,5,7,1956,94016,383434
1,1.2,910,16734,1.5,0,2,1,3,1950,92717,292740
4,3.3,2602,3816,1.5,0,3,1,6,2005,95014,854768
4,1.2,3270,16308,1.0,0,4,4,4,1992,90001,915171
4,3.3,622,11898,2.0,0,1,1,2,1988,92717,396652
1,3.5,3282,8345,2.0,0,2,1,11,1967,95014,1055391
4,2.3,3553,19355,1.5,0,3,4,12,1952,95014,1114757
5,2.7,1781,16642,1.0,0,0,5,4,1983,94102,545739
2,3.5,1147,5071,1.0,0,1,2,3,2018,94016,375778
2,3.9,3513,12454,1.5,0,3,3,2,1981,92717,956147
5,1.1,3493,16667,1.0,0,1,3,5,2003,95014,916711
2,1.4,2112,17104,1.5,0,0,3,8,1992,90001,689855
4,3.6,2183,13369,1.5,0,2,3,10,1994,95014,851330
4,3.0,910,9711,1.0,0,3,2,8,2006,90001,405421
5,1.8,2280,2574,1.5,1,2,1,4,1977,94016,861987
3,2.3,3231,15433,2.0,0,4,3,3,1970,92717,834754
5,1.3,2886,16774,2.0,0,0,1,8,2020,90001,892373
5,1.1,1589,8691,1.5,0,4,1,9,2004,95014,625337
1,3.2,1652,19201,2.0,0,0,4,3,2018,94102,440781
1,3.2,1722,10450,2.0,0,1,5,1,2018,94016,464985
3,3.1,1824,6940,1.0,0,4,4,1,1961,94016,660010
5,3.7,906,9216,1.5,1,1,5,7,1967,92717,654954
1,1.9,2393,19484,1.0,0,1,4,6,1971,92717,746689
5,2.3,2440,12230,1.0,0,3,1,2,1952,94016,750378
3,1.8,1385,14043,1.5,0,4,5,12,1999,92717,639555
1,2.9,620,14479,1.0,0,3,2,1,1999,90001,308884
1,2.9,914,12392,2.0,0,1,3,8,1974,94102,402509
2,2.2,2315,2955,1.0,1,3,1,9,1984,95014,890184
4,3.8,1901,2941,2.0,0,3,1,8,1989,94102,742967
5,2.5,869,16323,2.0,0,1,1,12,1996,94016,578028
3,3.8,2951,8031,2.0,0,4,5,5,1960,94016,850865
5,3.2,3545,6654,2.0,0,3,3,11,1964,90001,1144002
5,3.8,3860,3267,2.0,0,0,2,10,1958,94102,1105185
5,3.3,2946,17762,1.5,0,0,4,12,2018,95014,981782
3,1.7,1565,10441,1.5,0,2,2,6,1979,94016,591166
4,3.1,1419,7621,1.5,0,0,5,4,1964,95014,503913
5,1.7,1205,7930,1.0,0,3,3,6,2004,90001,479164
1,1.9,2465,7322,1.5,1,4,5,12,1986,90001,1029103
2,1.7,2755,12797,1.0,0,4,5,2,1993,94016,760353
4,2.5,1658,19533,1.5,1,0,5,8,1956,92717,819695
4,2.3,3167,6519,1.5,0,0,1,7,1967,92717,881440
5,3.7,2034,6658,2.0,0,4,5,4,2006,94102,678597
3,2.8,2372,8714,2.0,0,0,5,12,1978,90001,870038
4,2.1,763,18895,2.0,0,1,2,10,1989,90001,552063
2,2.9,2548,7616,2.0,0,4,2,10,1978,92717,926964
2,2.0,3925,2623,1.0,0,4,3,9,2009,95014,1088721
3,3.5,3533,5093,1.5,0,2,2,11,2006,94016,1154253
5,1.3,1637,14125,1.0,0,3,1,5,1965,92717,623687
2,1.7,2013,10050,1.5,0,1,2,1,1983,92717,532138
1,1.3,2379,19780,1.5,0,0,2,4,2004,92717,660650
2,3.6,2437,14875,1.5,0,4,5,1,1964,94016,608181
4,1.8,3698,15145,2.0,0,4,3,5,2008,90001,1066505
5,4.0,2526,12061,1.5,0,2,1,1,2019,95014,756747
4,1.5,1122,12410,2.0,0,1,5,9,1983,92717,509602
2,2.0,1643,12329,1.5,0,3,5,12,1995,90001,711771
3,3.7,1058,13313,1.5,0,2,4,3,1992,95014,440969
4,2.9,2025,9616,1.5,0,3,3,6,1988,95014,700990
4,2.5,754,17548,1.0,0,0,2,4,1989,95014,352717
3,1.5,3424,15466,2.0,1,1,4,10,1984,92717,1191348
1,3.4,693,9134,1.0,0,2,4,9,1993,92717,436379
2,2.0,2642,2708,1.0,0,0,3,4,2020,94016,732714
3,3.3,3269,16654,1.0,1,4,3,2,1954,90001,1054771
3,2.7,3076,5820,2.0,0,3,1,6,1976,94016,869713
5,2.9,2085,15953,2.0,0,3,1,2,2005,92717,628229
4,2.0,3761,4968,2.0,0,3,5,1,1961,94016,917146
2,1.2,1294,16678,1.5,0,4,4,8,1950,92717,490915
3,2.8,3089,3059,1.0,1,2,1,9,1991,94016,1158591
2,3.2,1023,12225,1.5,0,3,4,5,1955,95014,468679
4,2.7,1704,6943,1.0,0,2,3,9,2012,92717,660477
4,2.8,1955,17620,1.0,1,0,5,1,2020,90001,736630
2,3.1,3840,1787,1.0,0,2,3,6,1994,94102,1048754
1,1.1,2143,1520,2.0,1,1,3,1,1967,94016,671943
1,1.7,3501,3593,1.5,0,4,1,6,1998,90001,943194
5,2.8,3193,12987,2.0,0,2,5,11,1999,94102,1050972
2,1.4,3273,4289,2.0,0,2,3,8,1968,94016,973487
4,1.8,560,11036,2.0,0,3,1,12,1969,94016,428940
5,1.1,3892,6416,2.0,0,4,4,10,1972,92717,1087058
3,1.6,3593,9426,1.5,0,3,4,12,2013,94102,1103186
4,1.0,1124,6184,1.5,0,1,4,5,2012,94016,413823
5,3.5,2991,18585,1.5,0,3,5,10,1997,94016,1020114
2,2.8,2494,2630,1.5,0,1,2,5,1957,94016,667178
3,2.6,2478,14764,1.5,0,0,3,10,1951,92717,762718
2,1.0,3560,3165,1.0,0,3,4,2,1993,92717,827091
2,3.6,3508,10756,1.0,0,2,2,3,1951,90001,1002048
4,1.0,2044,5335,1.5,0,4,5,7,1960,94016,674961
1,3.4,2076,13107,1.0,0,1,1,9,1958,90001,704689
3,1.7,711,14398,1.0,0,2,1,6,1968,90001,357091
4,3.5,2404,6582,1.5,0,4,3,1,2013,90001,763671
1,1.4,1445,12149,2.0,0,2,5,3,1985,92717,421228
2,2.6,2368,2780,2.0,0,0,5,2,1953,95014,607374
3,1.1,1597,13523,1.5,0,0,2,4,2006,94102,470879
1,2.7,3679,9837,1.5,0,2,2,12,1955,90001,1098199
4,1.4,2660,15276,2.0,0,1,5,12,1987,90001,819264
3,3.4,1147,3346,1.5,0,4,1,1,1973,92717,406038
5,1.7,1509,8110,1.0,0,0,4,4,1950,94102,486001
1,1.3,1564,8944,1.0,0,3,5,6,2017,90001,525284
5,1.1,3119,4868,2.0,0,1,3,10,1966,94102,937103
4,2.7,872,18367,1.5,0,3,1,10,2016,94016,528179
5,3.0,1172,3749,2.0,1,2,2,1,1993,94016,579343
1,3.7,1114,8091,1.5,0,2,3,4,1951,92717,480867
4,1.2,3019,2822,1.5,0,3,2,9,2014,95014,888072
4,2.2,1243,17564,2.0,0,2,5,12,1959,92717,624215
5,1.5,2375,6517,2.0,0,0,4,5,2011,92717,785617
3,2.5,3056,11649,2.0,0,3,3,7,1966,92717,967452
3,1.7,3167,4310,2.0,0,4,4,10,2016,90001,1017694
1,2.2,1659,14081,1.0,0,3,2,11,1955,94102,596322
1,2.1,545,10069,2.0,0,1,5,12,2015,95014,394344
3,3.1,2348,3105,1.5,0,1,4,10,2009,94016,856769
3,3.2,2258,10661,2.0,0,0,2,7,2002,90001,809489
3,2.3,558,16310,1.5,0,2,1,10,2002,92717,460716
1,1.7,3839,10993,1.0,0,1,4,8,2004,90001,1065231
2,3.4,3236,19100,2.0,0,1,1,4,2013,94016,957253
1,3.5,3122,7916,1.0,0,1,2,3,1967,95014,870470
3,2.6,3177,17623,1.0,0,2,5,10,1974,95014,957460
2,1.7,3234,18735,2.0,0,3,2,4,2010,90001,897430
4,3.4,1535,11901,1.5,0,0,1,7,1975,94102,603616
1,2.1,3206,10583,1.0,1,2,5,11,1987,95014,1195624
1,3.8,2267,18441,1.0,0,1,2,5,1993,95014,701997
3,1.8,3977,10604,1.5,1,0,4,5,1994,94102,1142873
2,3.8,3347,4736,1.5,0,3,2,3,1951,90001,960914
5,2.3,528,15796,2.0,1,3,5,2,1976,94102,462174
5,3.3,848,6807,2.0,1,4,2,9,1972,95014,648095
2,1.6,2298,8350,2.0,0,0,1,12,2017,95014,832304
5,2.9,561,5869,1.0,0,2,3,5,2006,94102,360256
4,2.7,1662,14394,1.5,0,2,3,6,2006,95014,671667
4,2.3,969,11399,1.0,0,3,5,9,2008,94016,557636
1,3.2,1337,6699,1.0,0,4,1,10,1971,90001,532788
5,3.5,3544,7172,1.0,0,3,3,7,1963,94102,1007671
3,3.2,572,4997,2.0,0,1,4,3,1992,95014,297866
1,3.4,548,19334,1.0,0,1,4,6,2003,95014,443209
2,3.2,3842,18034,1.0,0,0,2,12,1961,94016,1150895
4,1.4,2274,1674,1.0,0,4,4,3,2019,90001,699624
3,3.3,1185,17034,1.0,0,2,1,4,1994,94102,463199
3,1.6,3998,16014,1.0,0,1,2,11,2013,94016,1220227
2,1.3,2297,10078,2.0,0,0,1,11,2004,92717,804904
1,3.7,737,10289,2.0,0,3,1,12,1981,95014,478599
1,2.8,2389,2865,1.0,0,4,2,9,1988,90001,730734
1,1.5,3488,18375,1.5,0,3,2,5,2019,92717,952723
2,2.9,1483,18247,1.5,0,2,3,5,2018,92717,536241
2,2.0,3182,14358,1.0,0,4,3,3,2008,90001,820974
5,1.4,2704,18597,2.0,0,3,3,12,1999,95014,930542
1,3.4,2530,16007,1.0,0,2,3,8,2018,90001,837339
1,1.3,917,13334,1.5,0,4,4,3,2013,95014,403743
1,3.9,3513,12156,2.0,0,3,3,6,1997,95014,1026892
4,3.3,1054,16291,2.0,0,1,5,7,1984,94102,473369
4,3.1,615,8334,1.0,0,4,2,12,2012,92717,487374
1,1.7,964,5283,2.0,0,1,3,1,2005,90001,319976
1,3.3,1171,16490,1.5,0,0,1,9,1994,95014,579993
1,1.1,1555,3909,1.0,0,2,3,3,2006,94016,488911
3,2.7,2047,16933,1.5,0,3,2,10,2018,94016,899934
3,1.9,2721,17796,2.0,0,2,4,6,1962,95014,767431
1,3.5,659,11624,1.0,0,1,5,1,2011,94102,333071
2,3.3,1539,6980,2.0,0,1,5,11,1961,90001,632980
1,2.5,2281,13490,1.0,0,4,5,10,1981,90001,772739
5,2.4,2819,7378,2.0,0,2,5,9,1980,94102,879199
3,1.2,2478,7285,2.0,0,1,2,11,2019,92717,885106
4,1.7,899,17221,1.5,0,3,1,12,1958,92717,529771
4,3.1,2257,7753,1.5,0,0,3,4,1957,94102,761737
2,1.2,665,16045,1.0,1,2,4,4,1991,90001,425449
1,3.4,3606,5820,1.5,0,1,3,8,1963,94016,987685
1,3.9,3720,16947,2.0,0,1,1,12,1987,92717,1155930
5,1.2,1840,11543,1.5,0,2,1,1,1984,90001,605292
4,2.4,1132,13188,1.5,0,2,5,5,1984,92717,404008
3,2.7,3731,4885,1.0,0,4,2,6,1992,94102,1040594
3,3.4,1428,16006,1.0,0,1,4,6,2000,92717,511097
3,1.5,3492,14030,1.0,0,4,2,12,2004,94016,1193575
5,2.1,1686,9344,2.0,0,3,4,7,1975,90001,662121
5,3.5,2858,11009,1.5,0,2,1,2,1988,94102,840172
1,2.6,3681,8434,2.0,0,1,5,1,1958,95014,809087
5,1.5,2058,16874,1.0,0,1,1,2,2016,95014,574918
3,3.6,3997,12760,1.0,0,2,3,11,1955,94102,1196422
1,3.8,935,12921,1.5,0,0,4,8,1960,95014,383943
5,3.2,894,3886,2.0,0,3,5,12,1988,90001,631659
2,3.9,1385,12802,2.0,1,3,1,12,1980,94016,855209
3,3.8,3033,12171,1.0,0,3,1,10,1961,92717,990195
2,1.4,3957,15288,1.0,0,3,4,12,1994,92717,1188614
4,2.2,2365,13166,1.0,0,2,2,6,1976,95014,781927
2,2.8,1636,10255,2.0,0,1,5,9,1994,95014,551851
3,3.2,2576,4565,1.0,0,3,5,2,2000,92717,730578
5,2.6,3562,18516,1.5,0,3,1,7,1950,92717,1049404
3,2.9,3765,5129,2.0,0,0,3,4,1968,90001,1011393
1,1.4,2416,3166,2.0,0,2,5,3,1978,94016,633599
1,2.2,1460,5373,1.5,0,2,1,7,1951,94016,544007
4,1.0,3739,16038,2.0,0,4,1,8,1975,95014,1046834
4,3.0,2028,18501,1.0,0,4,5,12,2010,95014,938321
3,1.5,2017,16608,2.0,1,3,1,7,1961,92717,751381
2,2.2,1136,18832,1.0,1,0,1,9,2009,94016,631981
2,2.5,3064,16199,1.0,0,1,2,1,1951,95014,796636
2,3.0,1132,19189,2.0,0,3,5,5,1959,94102,488100
2,3.3,2491,9949,1.5,0,1,4,10,2016,94016,779282
5,3.1,2143,6009,2.0,0,4,3,11,1991,94102,781245
4,2.7,740,10066,2.0,0,3,4,4,1953,92717,403764
2,2.6,1013,4995,1.5,0,0,1,4,2007,90001,487361
1,3.6,2195,2543,1.0,0,0,3,6,2005,90001,706015
1,3.6,3358,13337,2.0,0,1,5,11,1972,94102,1000774
3,1.2,2041,16557,2.0,0,1,2,2,1971,95014,591973
3,1.8,2980,9152,2.0,1,3,3,7,1999,94102,1072710
4,3.8,2570,16641,1.0,0,4,1,12,1983,92717,912436
1,2.8,2044,11318,2.0,0,0,4,5,2017,95014,631213
2,1.4,1908,4943,1.5,0,3,4,7,2009,92717,636601
5,1.2,3082,9580,2.0,0,0,4,9,1979,94102,881586
3,1.3,3309,6663,1.0,0,0,3,6,1985,94016,925586
5,3.3,2473,13140,1.0,0,0,3,2,1958,92717,624687
3,1.7,3734,3974,1.5,0,3,3,2,2020,94102,1025505
5,1.7,3726,1595,1.5,1,2,3,11,1994,92717,1252361
5,1.4,674,14344,1.5,0,3,3,7,2018,95014,438206
3,2.8,2294,1441,1.5,0,2,1,9,1971,94102,789804
3,2.5,3535,16855,1.5,0,3,5,6,1994,92717,1073105
4,1.8,2649,1472,1.0,0,1,4,3,2000,94016,680492
2,3.0,2689,6690,1.5,0,2,1,10,1998,95014,953144
2,3.3,1036,2840,1.5,0,0,1,7,1993,94102,467987
5,3.9,3108,18382,1.5,0,1,4,2,1996,94016,897908
4,2.4,3978,5060,2.0,0,3,5,1,2010,90001,1023119
3,2.2,3157,10921,1.0,0,4,5,10,2005,94102,914120
3,1.9,1318,19164,2.0,0,2,1,7,1962,95014,547678
5,3.4,3249,9234,1.5,0,1,4,4,1955,90001,902008
4,3.9,3578,7863,1.0,0,3,3,6,1985,92717,1053965
5,2.8,3752,19596,1.5,0,3,2,10,1988,92717,1132262
2,2.9,3476,18298,2.0,0,2,3,12,1983,95014,1112409
3,3.1,3407,2039,2.0,0,2,3,9,1956,92717,1062338
4,2.3,903,14352,2.0,0,4,5,5,2018,90001,520670
3,1.7,2840,16266,2.0,0,0,1,3,1961,92717,739981
5,1.8,1525,8405,2.0,0,2,1,2,2018,92717,610825
4,2.9,1362,16965,1.0,1,3,5,7,1959,92717,820094
2,2.9,3734,16508,2.0,1,0,5,2,1953,92717,1143301
4,2.4,843,6125,2.0,0,2,1,8,2003,95014,399731
5,1.1,681,9082,1.0,0,1,1,8,1981,94016,387913
3,3.6,3575,5435,1.0,0,4,5,2,1990,94016,929924
5,1.7,3512,17490,2.0,0,4,3,2,1952,94016,968939
4,2.7,2692,16804,1.5,0,3,2,3,2004,94016,752568
4,3.2,3787,8242,1.0,0,3,3,8,1959,92717,1022088
5,1.6,1597,18493,2.0,0,0,5,9,1997,94016,669839
2,2.4,2342,1099,1.0,0,2,5,8,1976,92717,771341
2,1.0,1217,4385,1.0,0,3,3,6,2007,90001,458310
1,1.1,964,2561,1.0,0,0,5,11,1987,95014,453212
1,1.8,3206,1768,1.5,0,2,2,7,1963,94102,845922
3,3.0,1612,9140,1.0,0,0,5,11,1990,95014,710930
3,3.7,3506,11084,1.0,1,2,5,2,2018,95014,1085162
3,2.3,2092,18646,2.0,0,1,2,1,2020,92717,584104
3,1.1,1656,4519,1.0,0,1,1,6,2019,92717,570087
1,1.9,1142,4774,1.0,0,4,1,3,1982,92717,394705
2,3.9,1343,12976,1.5,0,0,1,11,1995,94102,643638
3,1.3,1245,19107,1.5,0,3,2,4,1984,90001,510391
1,3.3,2849,1084,2.0,1,0,1,6,2003,95014,1037417
2,3.2,1321,4996,2.0,0,4,2,12,1959,90001,629613
2,2.8,2655,14902,1.5,0,4,1,2,1967,92717,714890
2,3.8,1927,2108,2.0,0,2,1,9,2004,94102,736656
1,2.9,2265,8412,1.0,0,1,5,10,2000,94016,829967
1,3.9,3849,6826,2.0,0,3,2,3,1982,90001,990402
5,3.5,2589,7995,1.0,0,3,2,9,1967,90001,952684
5,3.4,1858,10585,1.5,1,2,4,8,1982,90001,813268
1,3.9,1947,3009,1.5,0,3,1,4,1950,94016,660854
3,2.9,1530,16347,2.0,0,2,1,4,1986,94102,518188
2,2.0,3768,17937,1.0,0,0,1,10,1992,94102,1040801
5,1.3,2228,8769,1.5,0,4,2,6,2001,95014,765753
5,3.1,2499,2067,1.5,0,4,2,3,2013,94016,785328
2,2.6,3901,19905,1.5,0,0,1,7,1958,94102,1016818
5,2.2,1076,18207,2.0,0,0,2,4,2008,95014,472067
4,3.8,854,1118,2.0,0,4,5,10,1989,90001,594676
4,3.7,2817,2320,1.5,0,1,1,4,1978,95014,822035
5,2.1,624,1846,1.0,0,3,3,9,1978,94102,459741
3,3.8,3861,6687,2.0,0,4,4,11,2003,95014,1283433
4,2.3,3295,6772,1.0,0,3,1,12,1973,94102,1111750
3,1.6,1155,11899,1.5,0,3,3,7,1999,92717,537489
1,2.9,609,10899,1.0,0,4,3,8,2009,94016,396027
2,1.3,1900,2467,1.0,0,3,3,8,1958,94102,593860
5,1.5,2825,15352,1.0,0,0,4,2,1964,94102,761883
4,3.4,2061,10445,1.5,0,3,4,2,1961,95014,649567
3,3.5,3451,19286,2.0,0,1,3,7,2015,95014,1048815
5,1.7,3937,8012,2.0,0,0,1,7,1986,95014,1073465
1,3.2,3195,3176,1.0,0,1,4,12,2003,94016,962261
1,3.9,3248,12398,1.0,0,0,2,11,1952,92717,961171
4,3.9,1114,4443,2.0,0,3,2,4,2006,90001,536416
5,2.3,3227,6680,2.0,0,1,2,8,1975,95014,970423
5,3.6,629,9403,2.0,0,3,4,11,2013,94102,512144
5,2.7,2448,6639,2.0,0,4,5,1,1990,94016,677408
1,2.7,2188,10408,1.0,0,3,4,4,1987,92717,701139
1,1.7,1350,19683,1.5,0,1,4,1,1991,90001,386373
2,2.2,2968,1775,1.0,0,3,4,4,1983,94102,814779
1,1.6,3683,5089,2.0,0,1,4,6,2016,95014,1046648
1,3.2,1155,19484,2.0,0,3,1,6,1988,95014,509440
2,2.9,2871,6324,2.0,0,2,3,7,1985,94016,936468
5,3.4,1652,19425,1.5,0,1,4,3,1996,90001,563181
1,2.9,2924,1158,2.0,0,3,2,7,2000,94102,862915
2,1.8,3304,1866,2.0,0,4,2,10,2010,95014,1015298
5,3.9,2703,2049,1.0,0,3,3,7,1984,90001,923997
3,3.0,2572,14930,2.0,0,2,2,8,1991,95014,849600
2,2.4,2196,2707,2.0,1,3,4,10,1976,90001,885168
2,3.3,2873,11960,1.5,0,2,2,12,1957,95014,923408
5,1.8,1865,14383,2.0,0,2,1,4,1998,94016,589329
4,3.4,651,10387,1.0,0,1,3,12,2020,90001,512020
3,2.0,2616,9797,1.0,0,4,5,1,2001,94102,715822
1,1.2,3504,19850,1.0,1,0,3,9,1954,90001,1090317
4,3.3,3299,4677,2.0,0,2,2,2,2018,94102,873162
5,1.6,3682,12189,1.5,0,0,5,12,2004,92717,1061593
5,2.9,1314,14324,1.0,0,3,4,4,1959,94016,526890
5,1.8,653,9766,1.5,0,0,3,7,2004,94016,443163
4,3.1,2014,1810,1.5,0,1,5,5,2004,94016,675656
5,1.4,3808,16156,1.0,0,1,1,7,1983,94016,1092103
3,2.9,3664,17952,2.0,0,2,1,2,2004,95014,930278
4,1.6,2984,16192,1.5,0,1,1,12,2010,90001,975887
3,2.5,1757,15284,1.5,1,4,2,1,1974,95014,730722
3,3.6,1989,12746,1.0,0,1,4,4,2012,92717,591634
5,2.4,2577,9388,1.5,0,1,1,11,2009,95014,881395
3,3.3,3428,7917,1.0,0,0,2,9,2014,94102,1066204
4,1.4,662,15664,2.0,0,4,1,8,2015,94016,394520
5,3.0,2439,15694,1.5,0,2,5,3,1953,95014,665379
1,1.5,3348,12269,2.0,0,0,4,6,1953,95014,830344
2,3.3,2034,19995,1.0,1,4,2,1,1993,94102,800894
1,3.1,1263,12970,1.0,0,3,5,4,1977,92717,450005
4,2.2,565,1309,1.5,0,2,2,2,2000,94016,353702
5,2.4,3976,15228,1.5,0,2,5,12,2005,95014,1263653
4,1.5,2506,19910,1.5,0,0,1,6,1959,94016,786262
5,2.9,1959,14290,2.0,0,4,3,9,1954,94016,796337
2,3.7,3142,3137,1.5,0,3,5,3,1996,92717,861452
3,2.7,3414,7894,1.0,0,1,3,10,1963,94016,932025
3,1.9,1410,6672,1.5,0,2,5,7,1981,90001,530434
3,2.2,2723,13776,2.0,1,3,5,7,1967,94102,976990
2,1.7,787,9048,1.5,0,3,2,7,2008,95014,413992
4,2.3,2892,6047,1.5,0,3,1,5,2014,94102,844886
1,2.5,1430,19669,1.5,0,3,4,8,1983,94102,628263
1,3.8,1347,12172,1.0,0,4,2,12,1966,90001,667657
1,2.3,1150,17779,1.0,0,1,3,2,1958,94016,395446
2,3.6,1250,16269,2.0,0,0,4,5,1980,94102,490770
4,1.5,3846,1673,1.5,0,2,2,10,2016,95014,1174841
4,2.6,3111,15325,1.0,0,1,1,2,2011,90001,815949
4,2.8,1257,4728,1.5,0,0,2,11,1983,94102,663155
1,2.8,2687,11816,1.5,0,0,4,12,1995,95014,889183
1,2.5,2957,4629,1.0,0,2,3,6,1974,90001,884572
1,3.3,3108,4773,1.0,0,2,3,10,1991,94016,982124
1,1.5,2987,9735,1.0,0,1,5,12,2020,94016,921629
2,1.2,3867,16118,2.0,0,1,2,9,1981,92717,1035392
1,1.4,3011,12552,1.5,0,1,3,1,1996,94102,716956
4,2.7,1145,1375,1.5,0,1,2,2,1991,92717,375365
4,1.7,3543,5836,2.0,0,3,3,8,1999,90001,1067888
4,3.2,1496,19889,1.5,0,0,5,8,1964,94102,588499
5,1.2,2675,9024,2.0,0,1,1,5,1952,90001,729558
4,3.7,1156,19156,1.5,0,4,4,7,1971,90001,593132
2,3.9,2813,1962,2.0,0,1,5,7,1965,92717,797472
2,3.4,3545,6986,2.0,0,3,3,4,2002,94102,993683
1,3.6,2943,7149,1.0,0,4,2,5,1987,95014,856619
4,2.1,3383,15146,1.0,1,1,3,8,1952,94016,1166556
4,1.5,1477,14396,1.0,0,1,4,11,1983,95014,661065
4,1.6,3461,5302,1.5,0,2,2,1,2020,90001,906627
2,2.5,1939,14991,1.5,0,2,2,12,1988,90001,818552
2,3.0,841,19492,2.0,0,4,1,10,1952,90001,562690
4,2.7,2978,13215,1.0,0,3,5,1,1966,90001,838209
1,1.3,3980,9903,1.0,0,2,1,1,2010,90001,1088207
1,3.2,609,2383,1.0,0,1,4,4,2014,95014,354094
2,3.4,2836,14811,2.0,0,1,3,7,2009,90001,874641
5,1.1,3329,16526,1.0,0,0,1,9,1993,94102,977411
4,2.4,1766,12528,1.0,0,2,3,7,2009,95014,635346
2,2.3,2532,15917,1.0,0,0,3,11,1952,90001,805382
4,1.2,1837,14998,1.0,0,2,5,3,1993,90001,557324
2,1.5,3697,16033,1.0,0,1,5,6,2009,90001,995644
2,3.4,1955,14519,1.5,0,0,1,3,1973,94016,554965
3,2.8,3831,8864,1.0,0,1,2,10,1988,94016,1106570
5,1.7,1035,5731,1.0,0,2,5,2,2016,95014,370058
2,2.4,2140,5510,1.5,0,1,2,7,1973,95014,710532
3,3.6,1997,3565,1.0,0,2,4,6,1986,92717,682029
2,1.3,3501,18300,2.0,0,2,2,2,1950,90001,840690
3,3.9,3915,12077,1.0,0,2,3,5,2016,95014,1120356
3,1.4,1352,19678,2.0,0,4,2,9,1997,95014,650489
5,1.9,1958,12431,1.5,0,1,2,5,1968,94102,618475
4,1.5,2711,1620,2.0,0,1,3,4,1964,92717,726922
4,2.4,851,10373,1.5,1,0,2,9,1977,90001,625997
3,1.9,3788,17793,1.5,0,0,1,11,2010,92717,1135279
2,4.0,3371,9746,1.5,1,3,5,11,1950,90001,1205714
5,1.0,3870,13375,2.0,0,3,1,8,1986,94102,1071997
5,2.0,3077,19852,2.0,0,4,2,6,2017,94016,939471
5,2.8,835,10303,1.5,0,1,1,1,2008,94102,364387
2,2.0,1091,17860,1.5,1,4,4,4,2004,95014,613220
4,2.4,3775,18682,2.0,0,1,4,11,2002,94016,1115123
5,2.3,865,1004,1.0,0,1,2,4,1978,92717,473358
4,1.3,1056,12372,2.0,0,4,4,5,1993,95014,459598
4,2.9,934,18179,1.0,0,4,4,4,1978,90001,401311
2,3.5,2002,17958,2.0,0,0,1,5,1977,92717,680226
1,2.6,1625,11662,1.5,0,0,4,3,2013,95014,514089
4,1.4,1222,12539,2.0,0,2,2,6,1982,94016,500847
5,2.4,3133,19024,1.0,0,2,2,8,2006,95014,923993
2,1.0,1135,2676,1.0,0,0,3,10,1979,92717,503163
2,3.7,3867,3329,2.0,0,1,5,8,1997,95014,1106347
2,1.7,1956,7190,2.0,0,2,3,3,2004,95014,648339
5,3.7,2538,14283,2.0,1,3,2,12,2020,90001,1127967
3,2.8,3849,6863,1.5,0,3,3,7,1994,94016,1160435
2,3.9,3597,3458,1.0,0,3,4,1,2020,94016,1001735
4,3.5,3388,6871,1.5,0,2,4,4,2000,94016,984093
2,1.0,2316,18753,1.5,0,2,5,4,2014,94016,722543
3,1.0,3836,17086,1.5,0,3,3,4,1964,94102,933295
4,3.2,646,9556,2.0,1,0,1,8,2010,92717,605123
4,2.6,726,4320,2.0,0,0,4,1,1951,92717,263752
4,3.3,2509,2886,2.0,0,1,5,4,2003,92717,773758
2,2.8,2493,11548,1.0,0,4,1,4,2003,94016,764347
2,1.7,3907,10979,1.0,0,1,1,1,1999,95014,949077
4,3.4,2301,2340,1.0,0,2,5,5,2017,95014,823211
3,1.1,3887,5369,1.0,0,2,5,2,1951,94102,980552
1,3.4,1647,6903,1.5,0,3,5,10,2012,90001,655680
4,3.0,3641,17871,1.0,0,4,3,5,1986,90001,1050319
3,3.0,3772,14645,1.0,1,3,1,6,2003,95014,1181833
3,1.1,1324,18851,1.5,0,4,2,12,1990,92717,632592
3,1.6,1118,2093,2.0,0,1,2,11,1982,95014,541725
4,2.5,1078,5032,1.5,0,1,4,12,2015,95014,547595
4,2.3,613,8738,1.5,0,0,3,2,2001,94102,299308
1,1.1,2583,8385,1.0,0,1,3,11,1950,95014,860254
3,2.0,3879,16685,2.0,1,0,3,4,2012,90001,1081650
2,3.9,1875,1677,1.5,0,0,4,8,2000,90001,638087
5,1.9,1675,4557,1.5,0,0,5,12,1955,94016,652413
5,2.9,878,1374,1.0,0,3,5,7,1992,94016,495069
3,3.0,3138,19145,1.5,0,2,1,11,1971,94102,993495
5,2.9,3169,9001,2.0,0,4,1,12,1974,92717,1048306
5,1.9,3742,13637,1.5,0,3,3,2,1989,94016,968554
4,2.7,2710,9137,2.0,1,2,1,11,2020,90001,1092918
4,3.1,2866,7211,2.0,0,4,3,7,2020,95014,862094
1,2.1,1710,14532,1.5,0,4,1,10,1986,95014,643049
3,1.8,989,4133,1.0,0,3,4,2,1969,94016,371477
5,1.8,2608,1288,2.0,0,4,4,2,1995,94016,820851
4,3.8,3283,8124,1.0,0,1,3,6,1968,94016,1002994
5,2.9,2437,10028,1.5,0,3,4,10,1999,94016,862723
5,3.3,2810,1989,1.0,0,4,2,11,2004,90001,998393
2,2.7,3778,13356,1.0,1,2,3,8,1963,94016,1215813
3,2.9,2931,15664,1.5,0,4,5,7,1988,90001,894083
4,1.8,1848,12806,2.0,0,1,3,2,2001,94016,490562
4,3.7,2832,19119,1.5,1,1,4,8,1992,95014,1038131
2,2.5,2383,8867,1.0,0,0,1,6,1995,92717,682440
4,3.4,3845,8018,1.0,0,0,2,8,1992,90001,1065737
2,2.6,1230,18742,1.0,0,3,2,9,2014,92717,611614
3,1.3,3913,1881,2.0,0,1,4,6,2001,94102,1061679
1,1.3,3589,9209,2.0,0,0,5,8,2019,95014,903107
5,2.4,2930,6936,2.0,0,4,1,11,1953,92717,958047
1,2.3,1641,8821,2.0,0,2,1,10,2018,95014,699683
2,3.7,880,11055,1.5,0,1,3,7,1987,92717,461122
5,1.4,3868,4729,1.5,0,2,3,6,1979,94102,1033894
5,3.1,3322,4670,1.5,0,1,4,4,1950,95014,878904
3,3.8,2750,7009,2.0,0,3,5,8,1956,94016,907067
5,2.2,1759,15786,1.0,0,0,1,1,1984,95014,549345
5,3.7,3122,12989,1.0,0,2,2,11,2019,94102,1073059
2,1.4,2275,7844,2.0,0,1,1,12,2006,92717,785327
2,1.3,2627,16124,2.0,0,2,2,10,1958,90001,850155
2,1.7,1902,9871,2.0,0,2,2,10,1965,95014,724379
5,2.6,1880,2584,1.5,0,4,1,2,1990,95014,615708
3,2.9,1065,5599,2.0,0,4,1,8,2018,94102,547566
2,3.3,2926,2506,1.5,1,2,2,12,2012,95014,1093738
5,3.3,1932,15681,1.0,0,2,4,6,1992,95014,658286
2,1.3,3319,5834,1.0,0,2,4,12,1965,94102,993541
3,3.6,2332,1073,1.5,0,2,3,6,2000,94102,712292
5,1.3,1813,3525,1.5,0,0,5,7,2002,94016,643936
2,3.7,1735,5647,1.0,0,0,1,9,1976,90001,705954
3,3.9,3016,1269,2.0,0,4,3,3,1987,94102,838555
2,2.8,1229,12737,1.5,1,2,5,11,2017,94016,719115
1,3.1,1508,9319,1.0,0,0,1,3,1970,90001,503408
5,2.1,741,14999,1.5,0,2,3,8,1954,92717,400128
4,2.7,983,17073,1.0,0,0,5,9,2004,92717,482138
5,3.5,1757,17658,1.0,0,3,1,12,1991,90001,802247
1,1.5,3580,19184,1.0,1,1,3,10,1951,95014,1113001
4,2.5,3842,6481,2.0,0,4,3,4,1983,95014,1088445
4,2.2,1586,4514,1.0,0,2,5,8,1981,90001,686918
2,3.6,3341,19466,1.5,0,4,3,8,1962,92717,1034204
4,1.4,1213,9733,1.0,1,0,2,2,1953,90001,590870
5,3.7,1035,18688,1.0,0,4,5,5,1985,95014,478705
3,1.8,755,11160,1.0,1,1,5,2,2010,94102,455129
1,2.8,954,12337,1.0,0,3,3,8,1994,92717,435555
2,2.1,1235,9525,2.0,0,2,3,8,1967,92717,523047
3,3.8,3801,14038,1.0,0,1,2,12,2004,95014,1207743
4,1.6,2725,14517,1.5,0,4,4,4,1995,95014,840967
2,2.5,2214,19630,1.5,0,1,5,7,1978,95014,795117
2,1.7,3142,13955,1.5,0,2,3,12,1971,92717,941387
1,3.4,2030,12490,1.0,0,3,1,2,1955,94102,525866
1,1.8,2367,8997,2.0,0,1,4,1,1965,95014,588951
2,3.9,3879,13736,2.0,0,4,1,8,1992,94102,1219472
2,3.8,2563,5820,2.0,1,0,3,6,1994,92717,921969
4,2.4,684,1821,1.0,0,3,1,2,1978,90001,317157
4,1.0,1036,18019,2.0,0,4,3,4,1981,95014,482669
5,3.9,871,5265,2.0,0,2,4,2,1964,94102,474688
2,3.1,1721,19520,1.5,0,3,5,8,1975,92717,710367
4,2.5,3642,7906,1.0,0,2,4,9,1999,94016,1100253
1,2.8,2978,5184,1.0,0,0,4,4,1997,95014,790244
5,1.3,3060,6899,2.0,0,3,2,3,1967,92717,884678
3,1.5,1444,3070,1.5,0,1,1,3,1985,94016,406759
5,2.9,1361,3127,1.0,0,0,4,9,1972,90001,569799
1,1.1,3933,13270,1.0,0,4,2,9,2008,94102,1083922
2,3.1,2194,10039,1.0,0,2,5,8,1974,90001,718581
3,3.8,3065,19637,1.5,0,0,4,7,1951,94102,931470
5,3.1,1361,18266,1.5,0,4,2,2,1998,90001,447670
4,2.7,3946,19968,1.5,0,4,5,6,1966,94102,1059647
2,3.4,2863,3129,2.0,0,1,1,5,2017,92717,848136
2,3.2,1415,8656,1.5,1,4,1,12,1959,94102,825532
5,2.8,2609,16832,2.0,0,4,2,4,2003,94102,781762
3,1.6,2663,12656,2.0,1,1,4,10,1987,92717,926328
3,1.0,2656,11312,1.0,0,2,3,4,1967,95014,704938
4,2.4,1003,14092,1.5,0,0,1,9,1965,90001,485655
1,1.7,571,11307,1.5,0,2,3,2,1966,90001,190039
1,1.7,1514,11798,1.5,0,4,1,7,1966,94102,601582
4,2.5,1352,5696,1.0,1,1,1,11,2015,95014,729579
3,2.1,1447,2180,2.0,0,0,2,12,2004,94102,715350
4,2.5,1026,9085,1.0,0,3,2,5,2003,92717,503005
5,1.8,2877,3082,1.5,0,1,2,11,1979,94102,930688
2,2.8,2374,13824,2.0,0,2,3,12,1967,94016,804693
5,2.9,665,11742,1.5,0,0,4,11,2016,94102,483736
5,1.6,2884,8697,1.0,0,4,4,8,1983,94102,907744
3,2.7,3038,6385,1.5,0,2,5,10,2004,94016,987949
2,2.3,895,15038,2.0,0,3,5,1,2011,92717,313327
1,3.9,3610,5161,1.0,0,1,3,4,2000,90001,982161
3,3.2,3510,5477,1.5,0,3,3,7,2005,95014,1069077
3,1.5,2525,14684,1.5,0,2,3,9,1974,94016,853955
5,3.6,3479,17103,1.0,0,1,5,3,1992,90001,971272
2,2.4,1434,8292,2.0,0,3,5,8,1994,95014,604903
5,3.5,1890,4785,2.0,0,0,3,9,2018,94016,650496
5,3.5,3728,2967,2.0,0,2,1,8,1959,90001,1125214
2,1.1,3134,1341,1.5,0,3,5,9,1983,92717,928142
3,1.7,529,6130,1.5,0,4,3,9,2012,92717,475593
1,3.7,3923,19621,1.0,0,1,4,5,2011,92717,1072923
3,3.3,909,9495,2.0,0,2,3,8,2010,95014,496339
3,1.4,1255,9173,1.0,0,1,2,6,1989,94102,506985
3,1.6,1555,4940,2.0,0,1,1,2,1954,92717,468474
2,2.9,1130,14074,2.0,0,3,3,2,1950,90001,462590
3,1.8,1180,12736,1.5,0,2,3,12,2001,95014,634700
2,1.6,2545,11591,2.0,0,4,3,11,1981,92717,904350
2,4.0,3626,18337,2.0,0,3,5,11,2005,90001,1118382
1,2.4,1741,8052,2.0,0,3,3,7,2001,94102,587071
5,2.6,1008,18610,2.0,0,0,2,12,1990,94016,520533
2,3.0,1063,10625,2.0,0,2,4,5,1960,94102,392500
1,1.2,1409,2553,1.0,0,2,5,9,1998,94016,584982
5,2.2,3860,3588,1.5,0,1,3,8,1999,90001,1108533
2,3.7,1811,4792,1.0,0,1,2,11,1965,95014,750796
4,3.8,3157,18802,1.5,0,1,5,8,1956,92717,871514
5,2.5,610,16532,2.0,0,1,2,4,1978,90001,377406
5,3.7,2969,2645,1.0,1,1,3,4,2002,94102,1004489
3,2.5,660,14728,1.5,0,0,5,8,1979,92717,305350
5,4.0,2495,6521,2.0,0,4,3,8,1963,95014,804544
4,3.4,1787,3893,2.0,0,3,5,10,2008,95014,791303
1,3.5,1277,11012,2.0,0,4,1,9,1990,94102,609169
3,1.6,2511,8543,1.0,0,0,1,1,2013,95014,638361
1,1.0,846,5676,1.5,0,2,3,2,2010,95014,323459
2,2.5,1136,6302,2.0,1,4,2,6,2018,90001,622799
5,3.9,2057,2681,1.5,0,3,5,5,2014,92717,816128
1,3.9,2219,2078,1.0,0,1,4,6,2019,94016,730036
3,2.8,3588,9532,1.5,0,4,5,7,1996,90001,1029100
1,1.6,853,18344,1.0,0,3,5,11,1954,92717,456860
1,1.0,1369,8233,2.0,0,2,5,10,1989,95014,542164
1,2.5,1330,12968,2.0,0,4,2,9,1955,95014,563416
2,1.9,1289,6031,1.0,0,4,2,6,1993,95014,465866
3,2.0,3866,12212,1.0,0,4,5,7,1952,95014,1051249
2,3.5,3017,14472,2.0,0,2,4,12,1955,92717,1017858
3,1.3,2754,16835,1.5,0,1,3,11,1965,94016,914794
5,1.3,3630,19454,2.0,1,0,1,9,1973,90001,1174029
4,2.3,1054,16278,2.0,0,0,2,5,2006,94102,435585
2,2.2,561,14954,1.0,0,2,4,2,1967,92717,297749
2,1.2,3149,11991,1.5,0,1,1,3,1979,90001,750773
4,2.6,735,18706,2.0,0,3,5,3,1956,95014,431563
4,2.3,3163,14396,1.5,0,0,5,6,2012,92717,888310
3,4.0,839,8833,1.0,0,3,5,6,1973,90001,546699
3,1.2,1375,11763,1.0,0,3,2,1,2003,95014,481676
1,1.4,1543,6793,1.0,0,2,2,8,1956,90001,599945
1,1.5,611,10837,1.0,0,1,3,2,1982,92717,170497
5,2.0,3078,9222,2.0,0,3,3,1,1952,94102,749094
4,3.0,2985,18024,1.5,0,1,5,8,2000,94016,924020
4,3.9,1871,19731,1.5,0,2,2,9,1993,92717,781633
5,3.7,725,11186,2.0,0,2,3,6,2018,92717,501104
3,2.3,630,19465,2.0,0,2,2,5,2007,94102,312794
1,1.2,3905,10563,1.5,0,2,4,1,2004,95014,945668
1,2.9,1059,7755,1.0,0,2,1,1,1968,92717,357864
3,2.3,2415,19702,1.0,1,1,3,7,1991,94016,958039
4,1.1,2931,12449,2.0,0,1,1,1,2020,94016,791385
1,3.5,2885,11127,1.5,0,1,4,4,2000,92717,843444
4,2.6,638,17200,1.0,0,2,4,7,2015,92717,404884
5,2.3,1126,16580,1.5,0,2,2,3,2008,90001,462777
1,3.2,1633,17714,2.0,0,2,3,5,1965,94102,572757
5,3.6,1747,2996,1.5,0,0,3,9,1992,90001,623961
4,3.8,3174,14910,1.0,0,4,1,8,1972,95014,1032478
4,2.0,1475,14040,2.0,0,2,2,8,1995,94016,510695
5,1.6,1612,12134,1.0,0,3,5,1,1983,90001,545662
4,2.0,1874,5714,2.0,0,1,2,5,2015,95014,656968
2,3.9,2150,19914,1.5,0,2,1,2,1968,94016,619174
1,1.3,936,16087,1.0,0,0,5,2,2003,92717,312144
4,3.9,3248,17991,1.0,0,1,1,3,1977,95014,853859
3,2.9,3998,19481,2.0,0,0,3,12,1988,94016,1205994
3,1.0,634,5808,1.5,0,3,4,1,1966,95014,291332
5,3.6,930,2256,2.0,1,4,4,11,1962,94102,679189
3,3.0,1168,7906,2.0,0,1,3,8,2015,92717,473462
4,1.4,1396,13423,2.0,0,2,3,3,1957,95014,425659
4,2.0,3218,15940,2.0,1,1,2,5,1975,95014,1058660
5,3.6,1294,14951,1.5,0,1,3,10,1967,95014,550149
1,3.2,2861,2123,1.0,1,0,1,1,1966,95014,906990
1,2.0,2022,1617,1.5,1,4,1,10,1980,90001,846892
1,3.4,3312,9165,1.5,0,1,4,2,2014,94016,866736
4,1.8,1106,18062,2.0,0,1,4,12,1966,95014,626893
3,2.6,815,12727,1.5,0,0,3,3,1998,90001,318623
5,3.8,645,1627,2.0,0,1,3,2,1961,95014,365028
2,2.3,3714,8138,2.0,0,4,1,6,1957,90001,1026495
4,2.7,2664,3726,2.0,0,2,4,3,1967,90001,799852
4,3.3,2412,16334,1.0,1,2,5,9,1987,92717,1011520
5,1.6,1412,2839,2.0,0,4,5,10,1998,90001,652520
3,2.3,1062,16681,2.0,0,1,2,10,1968,90001,528484
2,3.8,3589,2516,1.0,0,2,5,2,2006,95014,950263
3,3.0,2161,13584,1.5,0,3,3,5,1992,92717,696546
2,3.1,3059,17204,1.0,0,1,4,8,2008,94016,906952
3,3.9,1315,6823,1.0,0,1,2,11,1993,94102,635295
1,2.8,1573,4221,2.0,1,1,4,9,1965,90001,800553
1,3.6,1728,11692,1.5,0,2,3,1,1966,94102,513951
2,4.0,3280,13799,2.0,0,4,3,4,1967,90001,913795
4,3.0,1324,15626,1.0,0,4,3,4,2018,95014,580550
1,3.1,3541,4232,1.5,0,4,3,2,1978,94016,964071
5,1.5,2996,10672,2.0,0,2,3,9,2002,90001,918700
5,2.4,1119,18299,2.0,0,3,5,4,1974,94102,481235
3,3.2,3394,17544,1.5,1,1,2,2,2019,90001,1043901
1,2.0,2849,7617,1.0,0,1,2,6,1972,92717,792174
4,1.4,2221,9923,2.0,0,1,4,1,2006,90001,592034
3,1.1,1121,11892,2.0,1,1,5,10,2015,95014,653703
5,3.0,1009,11223,1.5,0,2,4,10,1958,94016,507556
3,1.1,1337,3762,1.0,0,3,3,2,1996,94102,400789
2,2.5,725,19449,1.0,0,4,4,6,2016,90001,440080
3,3.6,2297,5916,1.5,0,0,3,1,1955,94102,665513
3,3.5,1217,3940,1.5,0,3,1,6,2020,95014,603960
4,3.2,2293,12576,1.5,0,4,2,1,2005,90001,703450
1,3.6,3385,18249,2.0,0,2,3,1,2007,92717,879680
5,3.2,2060,1022,1.0,0,1,5,8,2012,92717,785161
3,1.1,3969,18825,1.0,0,0,5,12,1993,92717,1183000
1,2.4,3310,19875,1.5,0,3,3,11,1992,95014,1026500
5,1.0,1642,15088,2.0,0,0,5,9,2016,95014,570961
4,2.7,1700,9321,1.0,0,3,3,4,1986,94016,541456
3,1.7,2504,17819,1.0,0,3,2,8,2007,90001,812776
1,2.3,2330,17780,1.0,0,3,2,4,2005,94016,695900
3,1.6,2965,10026,2.0,0,0,5,11,1968,94016,942490
2,3.5,3008,1773,1.0,0,4,3,3,1992,90001,841278
1,1.6,3521,14764,2.0,0,3,2,10,1997,95014,949377
3,2.0,1965,10824,1.0,0,3,3,4,1966,94102,668899
2,1.0,1097,3815,2.0,0,4,4,4,1983,94016,382908
3,1.9,2104,12433,1.5,0,0,3,7,2001,90001,662262
3,1.1,2638,5323,2.0,0,4,4,1,2018,92717,706431
3,2.3,3851,14356,1.5,0,3,5,8,2009,90001,1156066
5,1.1,1961,14711,1.5,0,4,3,6,1964,90001,625270
3,2.2,3924,19023,1.5,0,4,4,10,1987,95014,1162181
5,2.8,2496,19103,1.5,0,2,1,3,1971,92717,740584
3,3.7,1322,11699,1.5,0,1,1,3,1975,90001,501074
5,2.7,1816,17624,2.0,0,2,4,6,1986,95014,691222
3,2.5,3170,14874,2.0,0,3,1,8,1972,92717,923056
2,1.1,2227,11996,1.0,0,0,1,10,1989,94016,749084
4,2.1,2712,19647,2.0,0,3,5,3,1984,94016,801516
4,2.2,3046,4577,1.5,0,3,5,9,2019,95014,942012
1,2.0,712,3849,1.0,0,0,5,6,1972,95014,328104
3,3.7,1689,14121,1.0,0,4,1,3,1970,94016,522746
1,2.2,1890,17207,1.5,0,3,4,10,2018,90001,783399
2,1.6,579,17751,1.0,0,0,5,1,2001,94102,278322
5,3.4,3444,16501,2.0,0,0,4,1,1959,90001,918521
3,3.4,663,15691,2.0,0,3,5,5,1963,95014,353867
2,2.0,527,4972,1.0,0,3,1,9,1971,94102,357667
1,3.5,2428,11507,2.0,0,2,3,5,1978,95014,732979
3,3.1,3139,6611,2.0,0,1,2,12,1961,92717,949329
4,1.3,1047,19062,2.0,1,4,3,9,1996,94102,735838
2,2.1,3879,16331,1.0,0,2,3,11,1995,95014,1170027
3,3.6,2689,1935,1.0,0,3,5,1,1958,92717,719810
2,2.1,3145,2208,1.5,0,0,5,5,1954,94102,844918
3,3.6,3011,13124,1.5,0,0,2,6,2013,90001,893224
1,2.3,1660,7631,2.0,0,1,4,11,2006,92717,678331
3,2.7,3924,12655,1.0,0,3,2,10,2015,94102,1167198
4,2.2,3456,5315,1.0,0,1,2,3,1956,95014,845794
2,2.8,2452,13338,2.0,0,4,2,10,1974,95014,872695
1,2.6,3635,18984,2.0,0,1,2,5,2003,94016,934233
2,3.5,2188,14524,1.0,0,3,4,12,1983,90001,823086
2,3.9,3253,19872,2.0,0,2,3,4,1952,94016,880194
1,1.9,1338,7360,1.5,0,3,2,3,2011,94016,504286
5,1.5,3291,7442,1.5,0,4,1,1,1950,94016,883451
3,2.0,3436,9698,1.5,0,4,3,10,1954,94102,1031348
3,3.1,755,3439,2.0,0,0,5,8,1989,92717,445484
4,1.6,824,14102,1.5,0,4,2,9,1978,94102,581770
3,2.0,2224,4303,2.0,0,2,4,12,2011,94016,834025
4,3.8,1104,17917,2.0,0,1,3,5,1987,94102,475864
5,3.3,2228,9045,1.5,0,3,5,7,1989,92717,799325
3,3.9,582,1813,2.0,0,2,5,6,1989,90001,404243
3,1.3,3941,7005,2.0,0,3,2,10,2012,92717,1178044
1,2.5,3254,17045,2.0,0,0,2,12,1959,90001,958934
4,3.7,699,10162,1.5,0,0,3,5,1995,90001,354151
4,2.3,3962,17433,2.0,0,1,2,11,1967,94016,1140208
1,3.1,2648,5147,2.0,0,3,3,2,1993,94102,705430
3,1.5,3338,5112,1.5,0,3,2,9,2009,94016,1048149
2,1.7,1624,5398,1.5,0,2,5,10,1979,94016,529281
3,2.3,1931,2625,2.0,0,1,5,5,1952,94102,657769
1,1.9,2784,11667,1.5,1,2,2,2,1997,92717,912135
3,2.9,595,9110,1.0,0,4,3,6,1963,95014,422259
3,3.5,2097,16405,1.0,0,3,5,8,1992,94016,720201
1,2.1,2983,2638,1.5,0,1,3,6,1996,92717,815800
5,3.3,1697,2841,1.0,0,3,2,2,1987,95014,594274
5,1.8,2580,7741,2.0,0,1,3,10,1984,92717,922153
1,2.2,3025,2850,2.0,0,2,5,8,1955,95014,886683
4,1.1,632,18534,1.0,0,2,4,3,1952,95014,333965
3,1.4,2541,2577,2.0,0,4,5,12,1965,94016,920864
3,1.3,3172,3954,1.5,0,0,4,12,1972,94016,959605
5,2.7,2060,4275,2.0,0,4,3,2,2002,90001,698259
4,2.9,3108,2445,2.0,0,0,2,1,2005,95014,797072
4,1.2,2061,9320,1.0,0,4,2,5,1961,95014,693044
5,2.7,3619,14917,2.0,0,4,4,10,1996,94102,1178449
5,3.3,2355,14095,1.0,1,3,4,7,1953,95014,881569
3,2.5,800,2079,1.5,0,0,2,11,2005,92717,562293
2,2.4,547,7733,1.0,0,2,3,5,1970,94016,295766
1,2.9,1279,9068,1.5,0,0,5,3,1981,92717,437561
3,2.1,978,1859,2.0,0,2,5,12,1994,94016,556756
3,2.8,3844,4074,1.0,0,0,2,10,1961,92717,1116970
3,3.8,1349,14592,2.0,0,2,2,12,1951,94102,649078
2,3.6,1363,12386,1.5,0,1,5,10,1971,92717,549563
1,3.2,3918,2708,1.5,0,1,4,2,1971,92717,983699
3,3.6,3001,12095,2.0,0,4,1,12,2012,95014,1054325
3,1.9,2383,6833,2.0,0,3,4,7,2003,95014,739922
5,3.3,3815,8548,1.5,0,0,1,1,1957,92717,984882
5,1.9,2908,8946,1.5,0,3,3,5,2012,90001,864637
3,2.5,2642,7078,1.5,0,0,2,2,2000,94102,735265
3,2.5,905,4939,1.0,0,4,2,2,1975,94102,360424
4,1.1,1326,16489,1.5,0,1,5,5,1987,94016,417023
5,2.7,911,13371,1.5,0,3,3,5,2011,94102,532003
4,2.5,612,3979,1.5,0,0,4,3,2002,92717,302025
1,2.6,3287,8996,1.0,0,1,1,12,1985,90001,1060417
2,1.1,2020,19165,2.0,0,4,4,8,1995,90001,647412
4,2.1,2044,2816,1.5,0,2,4,6,1966,92717,631514
1,2.3,2363,17116,1.5,0,1,5,6,2013,94102,744136
4,3.2,1855,18944,2.0,0,0,1,2,1953,94016,538269
1,3.2,1889,11945,2.0,0,0,1,8,2011,95014,695257
4,2.1,2135,7873,1.5,0,3,1,11,1970,94102,748742
2,2.2,3548,13408,2.0,0,2,3,10,1988,94016,1037112
1,3.1,2985,5626,2.0,0,3,5,5,2009,94102,869981
3,2.3,3834,9146,1.0,0,2,4,8,1974,92717,1051120
4,2.8,2778,1387,1.5,0,2,5,8,1979,94016,860474
3,1.8,2279,8001,2.0,0,4,3,7,1982,94102,754909
1,1.2,3323,13391,2.0,0,1,2,6,1973,94102,871840
5,3.1,3146,7843,2.0,0,0,2,9,1996,94016,1066887
1,3.0,3016,7114,2.0,0,3,1,9,1959,95014,898671
5,1.3,3552,1035,1.0,0,4,3,10,1997,94016,1107547
2,1.1,1193,7518,1.5,0,1,3,7,1952,94016,421074
2,1.0,2958,3747,1.0,0,0,2,1,1959,92717,746501
3,1.4,626,17185,1.5,0,1,5,5,1990,94102,341676
4,1.6,2176,14496,2.0,0,2,5,8,1989,90001,705674
3,3.6,1959,9604,2.0,0,4,3,10,1990,92717,762518
3,2.3,3100,14131,1.5,0,3,2,10,1996,92717,920975
1,3.0,3313,14642,2.0,0,0,5,9,1956,95014,966667
5,3.9,740,9789,2.0,0,2,1,10,1965,95014,534584
1,2.3,3591,19258,1.0,0,4,4,8,1967,95014,1027864
3,3.4,2174,17767,2.0,0,1,2,6,1984,94016,680476
2,2.2,1836,14261,2.0,0,4,5,7,2000,95014,754413
1,3.2,1776,12619,2.0,0,1,4,5,1990,92717,596397
1,1.8,853,9714,2.0,0,1,3,12,2014,95014,476328
4,3.7,1823,17434,1.0,0,0,4,6,1994,94102,665424
5,1.2,3939,10049,2.0,0,2,3,7,2012,94102,1035108
4,2.4,2357,5512,1.0,0,0,4,12,1978,90001,805143
4,4.0,3540,14436,1.0,0,3,5,7,1985,90001,1085487
1,1.4,2426,6590,1.0,0,1,3,2,1953,94102,629978
4,1.3,1490,1940,2.0,0,0,3,7,1966,95014,587538
1,2.0,2255,12290,2.0,0,4,5,1,1987,92717,559150
3,1.4,3055,16073,2.0,0,1,3,4,1954,94102,879925
4,3.0,605,5800,1.5,0,2,5,10,2000,94016,500838
2,2.8,1710,5500,1.0,0,2,1,6,2020,95014,716925
4,2.6,2652,8047,1.0,1,1,3,6,1989,94016,980325
1,3.9,3598,17485,2.0,0,3,2,4,1966,94016,1053209
1,1.9,590,13699,2.0,0,3,1,9,2020,94102,300395
1,2.3,2542,5100,2.0,0,3,5,12,1988,94016,851699
1,2.4,1473,13015,2.0,0,2,3,2,1972,94016,501706
3,3.1,2286,6610,2.0,1,4,1,8,1997,92717,932733
3,1.7,2944,2053,2.0,1,2,2,12,2008,94016,1133090
3,3.3,1045,11456,2.0,0,3,5,7,1964,90001,459355
3,1.6,3405,5647,2.0,0,2,4,10,2008,95014,1010168
1,3.9,818,3406,1.0,0,2,3,6,2012,90001,399417
2,3.9,3341,18704,1.0,0,4,5,12,1962,90001,1126380
2,2.2,2572,7518,2.0,0,0,1,9,2009,90001,847225
3,3.6,2404,11737,2.0,0,4,2,3,1962,94016,742224
4,2.2,3043,13320,1.5,0,4,4,4,2000,94016,869704
2,2.6,3572,6437,2.0,0,0,1,12,1973,95014,1028860
4,3.2,2439,4368,2.0,0,2,4,9,1990,90001,806218
4,3.3,3842,11969,2.0,0,4,3,11,1956,92717,1133838
4,3.7,648,5192,1.5,0,0,3,5,1981,92717,407537
2,2.4,3663,9004,2.0,1,2,1,7,1985,94102,1204095
5,2.8,1893,8243,1.5,0,4,5,4,2011,94102,700035
2,2.7,1110,12363,1.0,0,0,4,10,2016,95014,533845
5,2.5,640,12181,2.0,0,0,3,5,1964,94102,322173
5,3.1,2119,16708,1.5,0,4,2,5,1982,92717,663560
1,1.8,2759,19668,2.0,0,3,5,4,2007,95014,776691
4,1.2,2423,10420,2.0,0,2,4,9,1992,92717,850821
4,2.6,863,9672,1.0,0,4,5,1,1953,94102,416189
3,2.3,3186,12073,2.0,0,0,3,6,1976,94016,868042
1,2.6,3949,11123,1.0,0,4,1,9,1994,92717,1183395
5,2.8,3119,14129,1.0,0,1,2,5,1992,92717,815950
5,2.1,3537,12965,2.0,0,3,5,9,2020,94102,1102585
4,1.9,1362,10294,1.5,1,3,4,6,1958,95014,649746
2,3.0,3228,16802,2.0,0,4,5,5,1986,90001,945627
4,2.2,2935,15888,2.0,0,0,2,11,2012,90001,967714
5,3.5,1779,13966,2.0,0,1,1,9,1991,92717,801225
4,3.3,1970,17207,1.5,0,1,2,4,2014,94102,645128
2,3.7,1497,10689,1.5,0,0,1,4,1999,94102,494401
4,1.3,3200,17454,2.0,0,3,4,8,1952,95014,986490
5,1.5,579,17740,2.0,0,0,3,8,1990,95014,437637
3,2.8,2567,12420,1.0,0,4,5,6,1973,90001,761205
5,3.1,571,17954,2.0,0,2,4,2,2020,94016,337187
4,1.6,2046,18433,1.5,0,3,1,1,2008,94102,615735
3,1.1,1416,4598,1.5,0,2,2,4,1974,90001,490054
5,3.6,1762,15412,1.0,0,4,1,6,2016,92717,702688
2,3.3,1770,4024,1.5,0,0,4,11,2010,94016,630859
2,3.8,3855,1426,2.0,0,3,2,7,2017,95014,1133403
5,1.9,1219,7013,2.0,0,4,2,4,2001,95014,488480
2,2.5,2202,16102,2.0,0,0,2,8,1989,92717,648381
3,3.2,1974,1757,1.5,0,4,3,4,1959,94102,669888
1,2.9,3026,10294,1.0,0,1,2,10,1973,95014,969122
5,1.0,1937,5447,1.5,0,1,5,5,1967,94102,654841
4,2.5,1659,8745,2.0,1,2,3,9,2004,94016,802096
5,3.9,3300,6806,1.5,1,2,3,7,2007,94016,1133709
5,1.7,2366,1803,2.0,0,1,4,11,1979,94102,825484
2,2.4,946,15560,1.5,0,2,1,1,2013,90001,368713
2,3.4,2478,9562,1.5,0,4,5,1,2015,95014,709427
4,1.8,1685,19784,2.0,0,4,4,6,1952,90001,593641
3,2.2,737,2815,1.0,0,3,2,5,1960,94102,364790
3,3.1,2711,17467,1.5,0,4,2,12,1976,94102,1028335
5,2.3,2838,8004,1.5,0,4,3,4,1990,94102,941839
2,3.9,3296,1237,1.5,0,4,1,6,1971,94102,996797
3,3.6,3703,19617,1.0,0,1,3,2,2008,94016,977052
1,1.9,543,13549,1.0,0,4,5,2,2002,92717,290237
2,1.0,2247,4286,1.5,0,3,5,12,1973,95014,808711
3,2.6,3873,7484,1.0,1,2,5,1,2016,94016,1156792
2,3.6,658,4966,1.0,0,2,5,5,1980,94016,353156
3,3.7,1397,10713,1.5,0,2,2,4,2006,90001,498117
2,1.4,2745,7601,1.0,0,1,4,12,2000,94102,911379
5,3.7,1510,16225,2.0,0,1,2,11,1955,92717,654403
3,2.5,3564,7814,1.0,0,2,1,1,2000,94102,935671
3,3.9,3738,10836,1.0,0,0,5,5,2007,92717,947507
2,3.4,3954,9056,1.0,0,2,1,1,1978,95014,954270
5,1.5,3214,19618,2.0,1,1,1,9,1979,94102,1096028
5,2.6,1682,3272,1.0,1,2,5,10,1957,95014,877363
4,3.6,3993,11220,1.0,0,0,3,9,1994,94102,1158800
4,3.4,3876,4154,1.0,0,2,4,2,2019,94102,1021516
1,3.9,1658,16758,1.0,0,2,2,6,1972,95014,624938
4,3.5,1853,19864,2.0,0,3,3,9,1971,94102,735167
3,4.0,2303,8334,1.0,0,0,1,6,1996,92717,735196
2,2.6,3430,11070,2.0,0,2,5,3,2002,94102,923347
1,2.8,3900,15420,2.0,0,0,5,11,2018,94016,1170558
4,1.2,2630,4309,2.0,1,1,4,11,1990,92717,1078465
4,2.2,3077,2746,1.5,0,1,3,4,1987,94016,884081
1,1.9,1091,5669,2.0,1,1,4,5,1956,95014,541637
4,3.8,3390,10430,1.5,0,3,1,12,2017,95014,1164489
4,2.0,2209,19484,1.0,0,1,4,1,2014,92717,617946
4,3.7,2845,10488,1.5,0,0,2,3,1973,94102,871302
1,1.7,2845,15476,1.5,0,2,4,9,1961,94102,797971
3,2.7,3488,6798,1.0,0,1,4,12,1969,90001,1105918
1,2.6,3616,6624,1.0,0,3,5,8,2004,92717,1212500
1,1.3,1364,6935,1.5,0,1,5,6,1959,94016,481607
4,2.0,695,11761,2.0,1,1,4,8,1952,90001,593748
3,4.0,2605,19504,1.5,0,1,2,4,1986,94016,784242
2,2.8,1352,11741,2.0,0,0,1,6,1983,94016,480919
5,3.5,2958,3869,1.5,0,1,4,1,2010,94102,880092
2,3.2,3254,13762,1.0,1,2,5,1,1970,94016,949940
4,3.7,2455,16758,1.5,1,3,1,6,2017,94016,985689
2,2.0,3180,18841,2.0,0,4,4,6,2000,92717,922504
3,1.7,1051,15628,2.0,0,0,4,11,1975,94016,599640
3,1.2,3206,6265,2.0,0,3,1,12,1950,92717,928928
4,3.5,2384,17206,2.0,0,1,3,10,1973,94102,783289
3,2.6,2789,4535,1.5,0,4,3,6,2014,92717,799257
4,3.2,3248,2472,1.0,0,4,5,11,1958,95014,1109931
4,1.2,3268,10443,1.0,0,2,1,7,2004,90001,988545
1,3.5,3850,3114,1.0,0,0,5,1,2004,90001,1025628
2,2.7,3648,1356,1.5,0,1,4,7,1976,95014,1021990
1,1.4,1760,14466,1.5,0,1,4,1,1995,94016,548247
4,2.5,2633,5187,1.0,1,3,1,2,1980,94102,899587
5,2.8,1930,4931,1.0,0,0,3,6,1996,95014,646843
5,2.0,2452,4043,1.5,0,1,3,3,2007,90001,673433
4,3.1,1404,18922,1.0,0,0,3,10,2003,94016,597132
5,2.7,3725,4461,2.0,0,4,4,4,1976,94016,958630
2,3.5,1286,2372,1.5,0,0,5,11,2013,90001,613382
1,3.6,1679,6657,1.5,0,0,2,1,1969,94102,432931
2,1.2,516,12883,2.0,0,4,4,6,1959,95014,290896
3,2.9,1091,6966,2.0,0,4,2,12,1966,90001,629890
1,3.2,571,14305,1.5,0,1,1,2,1979,94016,301805
1,1.4,538,19447,1.0,0,3,5,12,1977,94016,347509
2,3.7,2085,5152,2.0,0,4,3,3,1988,92717,695756
1,3.6,1402,12688,1.0,0,4,4,8,1962,94102,576736
4,1.4,2625,3182,1.5,0,1,2,2,1969,90001,740958
2,3.6,1759,2891,2.0,0,1,1,2,1989,92717,497715
5,2.9,2291,3756,2.0,0,2,5,12,1960,94102,908702
2,3.4,2624,18406,1.5,0,0,1,12,1992,95014,865019
5,3.4,849,10887,1.5,0,1,3,11,1957,95014,556837
2,1.5,1138,1631,2.0,0,3,4,2,1969,95014,369153
4,1.2,1139,14394,2.0,0,2,4,4,1970,92717,360868
3,2.9,3203,17651,2.0,0,2,5,4,2017,95014,871586
4,2.0,2031,5229,1.0,0,1,1,11,1972,94102,725585
4,1.8,3666,5983,1.0,0,3,2,1,2018,94016,946426
3,1.4,1019,12908,1.5,1,3,2,9,1974,94102,688723
5,3.6,2364,6369,1.0,1,2,4,3,1998,94102,874222
4,2.7,1988,7443,2.0,1,1,2,1,2007,94016,721961
3,3.5,2491,17676,2.0,0,2,3,3,2016,94102,811788
3,2.7,3247,6151,1.5,0,3,3,8,2001,92717,990332
2,1.1,582,14185,1.5,0,4,4,5,1986,90001,328337
1,1.7,2235,16170,2.0,1,4,4,11,2007,95014,923556
2,3.5,1863,7390,1.0,0,4,4,6,1950,94102,638712
1,1.6,811,10494,1.0,0,1,4,3,1975,90001,379139
4,3.7,841,9395,1.5,0,3,4,8,1979,90001,490894
2,2.0,579,14501,2.0,1,0,1,11,1952,94016,490961
4,2.3,1382,14839,2.0,0,1,5,11,2016,92717,657482
3,3.0,2728,10710,2.0,0,2,5,9,1954,92717,814081
2,3.4,927,9228,1.5,0,2,4,1,1981,95014,386369
5,3.3,2641,19383,1.0,1,0,1,12,1983,94016,1059291
3,3.4,3883,1323,1.5,0,3,2,5,1966,90001,1053615
5,2.5,3069,9383,1.0,0,0,3,10,1984,92717,1034730
5,2.0,3910,18660,1.0,0,2,5,12,2006,94102,1269934
1,1.6,3278,6568,1.5,0,3,3,4,2010,94102,949388
5,3.9,3437,4670,1.0,0,0,1,2,1962,95014,870025
2,2.7,2724,1461,1.0,0,2,5,9,1958,94102,824408
4,3.9,3168,1509,1.5,0,2,3,1,2016,94102,837005
5,2.5,2369,18899,1.5,0,2,3,3,2014,95014,759857
1,2.1,2757,3252,2.0,0,0,5,7,1982,95014,756497
5,2.8,1073,8289,2.0,0,4,4,9,1954,94102,602009
4,4.0,1349,12441,1.5,0,3,2,12,1984,94016,668669
2,3.6,3972,12655,2.0,0,1,4,1,2010,94102,1057167
5,2.2,1367,14648,1.0,0,2,1,11,1951,94102,596133
3,1.1,698,16710,1.0,0,3,4,9,2009,95014,468740
4,2.2,1990,10476,1.0,0,3,3,6,1977,94016,748256
5,3.3,984,16212,1.0,0,3,1,4,2010,94102,532318
4,1.0,1740,5914,1.5,1,0,4,3,1965,94102,551856
4,3.5,1056,7515,1.5,0,2,1,4,1989,90001,407331
4,1.8,724,18364,2.0,0,0,5,11,1958,92717,472066
4,2.1,1275,17051,1.5,0,1,4,9,1962,95014,550834
1,3.8,1392,8494,1.0,1,1,5,3,1994,92717,667879
1,2.1,3375,18202,2.0,0,1,2,4,1955,94016,834350
1,2.4,2634,4015,1.5,0,2,3,4,1975,95014,685413
4,2.3,808,3576,1.0,0,4,1,5,1990,92717,418795
2,2.1,3907,19964,1.5,0,1,4,9,1959,95014,1037161
3,1.2,2618,1680,2.0,0,2,4,7,2019,92717,800881
1,2.3,3870,9017,2.0,0,3,2,3,2013,95014,1001984
4,2.5,2660,9775,2.0,0,4,1,2,1975,94016,750785
1,1.7,3786,14867,2.0,0,0,5,9,1951,95014,1007334
3,3.5,1409,14442,1.0,0,3,5,8,1978,94102,632476
1,2.5,1562,15251,1.0,1,4,3,7,1976,94102,782001
4,1.7,579,1582,1.0,0,0,3,1,1963,95014,282814
1,1.3,3045,13122,1.0,0,4,4,7,2002,94016,874785
2,2.7,1001,3476,1.5,0,1,4,12,1966,92717,532604
4,2.4,1218,8819,1.5,1,0,1,9,1987,94102,665770
2,3.1,1681,19240,1.0,0,3,3,11,1967,92717,652364
5,4.0,982,19411,2.0,0,4,1,5,2011,92717,514906
5,1.6,3943,16818,1.0,0,2,4,2,1979,92717,943424
5,3.2,1184,10113,1.0,0,3,3,12,1974,90001,627661
3,2.3,3233,9521,2.0,0,4,3,7,1976,92717,990092
1,2.2,3318,7342,2.0,0,0,2,6,1985,90001,892709
1,1.9,2861,2475,1.0,1,4,3,9,2000,94016,1051227
4,2.1,3849,2068,1.0,0,3,1,12,1964,95014,1171952
2,1.4,3531,8544,1.5,0,1,2,12,1995,90001,994218
2,2.4,1073,6273,2.0,0,2,3,7,2012,90001,539198
4,2.8,1314,7077,2.0,0,2,1,7,1979,95014,572255
5,1.8,2786,1657,2.0,0,2,2,12,1967,94016,919467
2,2.4,1872,10240,2.0,0,1,3,3,1954,94016,559282
1,2.4,2329,5923,2.0,0,2,3,12,2015,94102,862952
3,3.0,2066,12607,2.0,0,1,2,8,2020,90001,718340
2,2.8,719,5379,1.5,1,0,4,11,2013,90001,607280
1,3.8,2914,6419,2.0,0,2,4,9,1958,90001,958386
5,2.6,3882,13166,1.0,0,0,4,3,2003,94102,1044886
3,2.8,2627,19874,2.0,0,1,3,11,1985,92717,913908
5,2.6,1013,13539,2.0,0,1,5,9,2019,94016,544250
1,2.0,2495,2714,1.0,0,2,2,12,1967,94102,803785
5,1.5,844,4311,2.0,0,3,4,7,1998,92717,428367
4,1.0,3823,12380,1.5,0,0,3,5,1965,95014,1014649
1,1.7,2129,9735,1.0,0,1,3,5,1970,95014,604367
5,2.7,1818,14794,1.5,0,3,4,1,2007,94016,626986
4,1.1,3583,11953,1.5,0,1,3,12,1999,92717,1040375
4,2.0,2966,6283,1.0,0,3,3,2,2012,94102,889806
5,1.1,3951,18571,1.5,0,3,4,11,1952,95014,1131353
5,3.1,664,7744,1.5,0,2,1,6,1966,92717,414246
4,2.5,2074,8456,2.0,0,3,3,9,2019,94102,830375
1,3.7,1472,4500,2.0,0,4,5,7,1994,94016,653585
1,2.9,3550,4471,1.5,0,4,3,8,2018,90001,1082479
5,3.1,1150,15727,2.0,0,2,5,1,1998,94016,497633
3,3.6,1570,19599,1.0,1,4,3,8,2012,92717,771753
2,3.7,2244,18668,1.0,0,1,1,6,2005,90001,698251
5,2.1,2262,1720,1.0,0,3,2,12,1957,94016,850770
4,2.8,2259,17266,1.0,0,2,5,6,1962,90001,695461
3,2.2,3035,13129,2.0,0,0,1,2,1999,92717,816966
3,2.7,3032,5633,1.0,0,3,3,5,1987,94016,873204
2,3.8,2300,5030,1.0,0,1,4,12,1988,95014,860863
2,4.0,3299,2347,1.0,0,2,1,2,1986,92717,896606
3,2.4,3858,15704,1.0,0,0,5,1,2010,94102,980791
1,1.2,3662,5455,1.5,0,1,2,3,2003,90001,916681
4,3.9,1698,3958,2.0,0,1,2,7,1977,90001,620289
5,1.4,2111,13206,2.0,0,0,5,7,1997,92717,731355
3,1.1,1778,10984,2.0,0,0,4,8,1984,95014,612437
2,3.1,1441,5048,1.0,0,0,4,3,1967,92717,485998
2,3.5,3045,5172,1.0,0,1,4,10,2005,92717,937753
2,2.9,1159,4638,2.0,0,4,3,12,1990,90001,683937
3,2.8,2952,9373,1.5,0,1,5,2,2003,90001,809810
2,2.0,2008,4256,1.0,0,0,2,4,1951,95014,578175
1,2.9,2567,12439,2.0,0,4,4,10,1970,95014,803315
1,3.5,3588,4742,1.0,0,2,4,3,2008,94102,964156
4,2.0,3105,4241,1.5,0,1,4,6,2002,95014,844013
4,2.4,1742,2435,1.0,0,4,2,1,1980,95014,576581
1,2.9,800,9685,1.5,0,0,2,6,1979,90001,351051
3,3.3,1728,14791,1.0,0,0,5,6,1953,94102,543277
4,2.9,3043,11135,1.5,0,2,5,9,1994,94016,1024361
4,1.5,1056,6122,1.5,0,3,2,12,1962,92717,553024
3,2.6,2640,19251,1.0,0,4,5,5,1989,90001,760750
4,2.3,3756,15445,2.0,0,0,1,2,1996,92717,990887
5,2.9,1353,19098,1.5,0,3,3,3,2012,95014,566139
5,2.9,1816,2015,1.5,0,0,1,8,1978,94016,692996
1,1.3,1847,2639,2.0,0,1,2,7,1950,90001,590451
5,1.4,1620,13945,1.5,0,0,1,8,1961,94102,575920
5,1.3,563,13774,1.0,0,2,3,4,1976,95014,310765
3,1.3,2590,5290,1.0,0,3,2,6,2000,94016,752799
4,2.6,3778,6667,1.0,1,1,1,2,1960,95014,1114311
1,1.0,1213,4466,2.0,0,1,4,12,2009,94102,514379
2,3.3,3875,1672,1.0,0,1,2,3,2010,92717,1036336
2,2.7,3915,6604,1.5,0,4,4,7,2009,94102,1155618
3,3.2,2983,13531,2.0,0,1,5,2,2004,94102,847155
1,2.4,3803,2170,1.0,0,1,4,12,1989,94016,1123001
5,3.7,3297,13831,1.0,0,1,5,5,1990,94016,900115
5,3.5,1091,3794,1.0,0,2,4,7,1980,92717,544630
2,2.5,3864,12744,2.0,0,1,3,12,1969,94016,1110869
5,1.7,2070,6894,2.0,0,0,1,4,1958,94016,599743
1,1.4,627,9334,2.0,0,2,3,6,1963,92717,306662
5,3.5,2464,8162,1.5,0,3,3,1,2011,94016,719544
2,3.0,1218,10072,1.0,0,4,1,9,1995,94016,613705
5,1.8,1075,9343,1.0,0,4,3,3,1989,90001,486814
1,3.2,2727,5132,1.5,0,4,5,10,2007,94102,867342
1,1.9,1406,5839,1.0,0,4,3,7,1988,92717,542373
5,1.8,2120,1410,1.5,0,0,2,5,1970,94102,669683
4,3.2,2745,19220,1.0,0,3,4,10,1959,95014,924865
3,3.2,1155,17446,1.0,0,4,5,11,1979,94016,633831
1,3.5,1882,14247,1.0,0,1,5,2,1967,94102,535300
1,3.5,1301,3027,1.0,0,4,5,2,1965,94102,415975
2,2.6,996,13706,1.5,1,4,1,5,1989,94016,588311
4,1.8,1808,17423,2.0,0,4,3,2,1970,90001,602576
2,2.8,1507,9896,2.0,0,0,1,6,1980,95014,512906
2,1.9,563,17249,2.0,0,4,5,9,2007,95014,394948
2,3.4,3989,6813,1.0,0,3,1,2,2020,90001,1164493
4,1.4,2000,4244,2.0,0,0,1,5,1977,95014,569097
2,2.0,596,2565,2.0,0,0,2,4,2014,92717,319645
5,1.1,1463,2923,2.0,0,4,1,9,1976,95014,606249
1,2.3,2484,16968,1.5,0,0,4,8,2007,94102,752963
3,1.4,1696,3193,1.0,0,2,4,8,1971,94016,609344
3,3.9,2379,2032,1.5,0,3,2,3,1991,94016,687024
4,2.1,3448,19019,1.0,0,0,2,3,1962,94102,925594
4,3.4,3412,18600,2.0,0,0,5,11,1986,90001,1183413
3,3.5,3081,6529,1.5,0,4,5,7,1962,92717,914718
5,1.3,1385,9691,2.0,0,2,5,2,1978,95014,478151
1,3.0,2994,16431,1.0,0,1,3,3,1982,94016,752234
5,2.0,1417,9791,1.0,0,2,2,12,2004,92717,735779
3,1.9,2647,11960,1.5,0,4,2,3,1980,92717,769910
3,3.3,671,5288,2.0,0,4,2,11,2012,90001,504923
1,1.8,2271,6721,1.5,0,0,3,10,1992,90001,811476
1,1.9,551,2924,1.5,0,1,3,5,1975,95014,217644
4,3.3,1100,6293,1.5,0,1,1,2,1954,95014,365649
4,2.0,2562,13701,1.0,0,4,5,4,1985,92717,796430
5,2.2,1905,13889,2.0,0,0,3,3,1995,90001,538689
3,3.2,3063,11115,2.0,0,1,2,4,1981,92717,903315
5,1.4,1950,6963,2.0,0,2,2,10,2015,92717,659821
4,3.1,1861,13024,1.0,0,2,5,8,1955,92717,672009
2,2.0,830,10954,2.0,0,1,4,2,1969,92717,367347
1,3.5,3306,8800,1.0,0,1,5,11,1981,94102,1014488
3,2.9,3554,5059,1.5,0,0,3,2,1984,95014,888214
3,1.0,568,3960,1.5,0,2,5,5,1984,94016,406576
2,1.4,1730,5433,1.5,0,0,3,6,1971,95014,496009
3,3.3,3920,10929,2.0,0,2,1,9,1967,92717,1113453
3,1.7,2996,9086,1.5,0,1,3,4,2000,90001,770867
2,1.1,2119,2634,2.0,0,2,1,9,1973,94016,644579
4,3.2,1398,14254,1.5,0,0,5,7,1986,94102,622279
1,3.0,559,4096,2.0,0,3,2,8,2010,92717,412657
4,1.7,3663,9981,1.0,0,1,4,12,1999,94016,1161565
2,2.9,3290,16129,1.5,0,4,5,11,1951,92717,969314
5,2.9,715,19467,2.0,0,3,5,2,2020,95014,378743
1,3.8,3693,13763,1.5,0,3,1,3,2002,94016,1044670
5,1.3,2944,17324,1.5,0,4,4,7,1950,94016,832973
3,1.5,979,19196,2.0,0,4,4,12,2001,94102,535850
1,1.9,1774,15192,2.0,0,4,3,5,1992,92717,617389
5,3.3,1469,16320,1.5,0,4,3,8,2012,94016,756042
5,2.4,1746,6647,1.5,0,2,5,9,1955,90001,703150
5,2.1,1255,8796,2.0,1,1,2,11,1998,95014,773287
3,2.1,1903,19468,1.5,0,1,4,12,1954,95014,741634
1,2.5,940,8291,1.0,0,2,3,2,1981,90001,408943
4,2.0,1012,15586,2.0,0,0,4,4,1976,94102,370931
3,3.0,3059,19121,1.5,0,1,3,7,1966,92717,897004
1,1.1,3720,11747,2.0,0,0,4,1,1978,94102,904242
5,2.8,1869,13618,1.5,0,1,4,6,1972,94102,677290
2,2.1,1133,18901,2.0,0,3,3,3,1980,90001,441736
2,2.4,2731,18138,1.5,0,1,5,1,2020,92717,676196
3,3.3,1987,14927,1.0,0,2,4,4,1991,90001,748710
4,1.1,616,6952,2.0,0,2,3,4,2009,92717,347128
4,1.6,3817,14515,2.0,0,0,2,11,1991,90001,1160849
1,2.5,1928,2326,1.5,0,1,3,8,1979,92717,616401
2,2.9,2616,4501,1.5,0,1,5,5,2004,94102,844152
5,1.6,3504,2928,1.0,0,2,2,5,1959,95014,944039
4,1.6,654,13986,1.0,0,3,2,8,1994,94016,451159
4,2.9,731,7407,1.0,0,4,5,3,1962,94102,359510
2,3.2,1131,12812,1.5,0,0,1,1,1970,92717,272969
5,2.3,2970,3134,1.0,0,1,4,10,1994,95014,946460
1,2.3,2618,2733,2.0,0,3,5,12,1950,94016,936573
1,2.2,3608,16678,2.0,0,4,3,9,1979,94016,1042788
1,1.8,2618,7367,1.5,0,4,2,6,1991,95014,789217
1,4.0,1431,6597,1.0,1,4,3,4,1992,92717,731332
2,2.9,683,8166,1.0,0,2,4,10,1962,95014,464187
1,2.1,1798,14369,1.0,0,3,3,6,1972,95014,515967
2,1.8,1671,10306,2.0,0,4,5,4,1951,94102,545676
4,1.8,2126,5327,1.0,0,2,1,8,1950,95014,737185
2,2.0,1401,17338,1.0,0,0,1,4,1956,95014,410925
3,2.7,1595,5919,1.5,0,3,2,8,1966,95014,639164
3,2.7,1324,12312,2.0,0,4,4,4,1962,92717,489632
4,3.0,3401,15713,1.5,0,1,2,1,1959,95014,840932
5,1.1,1086,8466,1.5,1,2,2,5,1952,94016,510969
3,2.7,3669,2491,1.5,0,0,3,3,1966,92717,930985
2,2.7,2518,2312,1.0,0,2,2,12,2016,90001,878073
4,3.8,1044,15340,2.0,0,4,4,6,1980,95014,527311
5,1.7,1606,4619,1.0,0,0,1,9,1968,94102,638853
3,1.1,1738,13027,2.0,0,1,2,5,1978,94016,548828
5,3.8,1250,4420,2.0,0,3,1,4,1987,95014,525834
1,2.7,1886,1957,1.0,0,4,2,5,1964,92717,557493
1,1.3,3201,8912,1.5,0,4,3,3,1984,90001,796498
1,2.0,2165,13217,2.0,0,0,3,12,2014,94016,743343
3,2.2,737,2429,2.0,0,2,2,6,1983,95014,406006
5,3.3,3131,10839,1.5,0,3,3,3,2020,95014,899983
3,1.8,790,15302,1.0,0,2,4,2,1950,92717,278872
5,3.8,3920,5050,1.0,0,4,3,2,1996,94102,1081795
